Date,Open,High,Low,Close,Volume
2020-01-10,14.41,14.47,14.32,14.35,1862452
2020-01-13,14.38,14.58,14.24,14.57,1675823
2020-01-14,14.51,14.69,14.49,14.67,1670090
2020-01-15,14.67,14.795,14.50,14.79,1399121
2020-01-16,14.83,14.98,14.77,14.91,2419920
2020-01-17,14.92,15.07,14.83,14.91,1838465
2020-01-21,14.77,14.88,14.39,14.485,2380539
2020-01-22,14.49,14.59,14.39,14.46,2262083
2020-01-23,14.37,14.43,14.24,14.345,1468409
2020-01-24,14.29,14.34,13.92,13.94,1806720
2020-01-27,13.70,13.86,13.645,13.66,3726961
2020-01-28,13.67,13.79,13.50,13.51,3163804
2020-01-29,13.51,13.64,13.32,13.365,2228278
2020-01-30,13.21,13.67,13.18,13.65,2949628
2020-01-31,13.59,13.715,13.51,13.62,4222310
2020-02-03,13.74,13.835,13.61,13.64,2519010
2020-02-04,13.81,13.83,13.615,13.81,2261902
2020-02-05,13.93,14.17,13.78,14.085,2464854
2020-02-06,14.21,14.57,14.115,14.47,4351688
2020-02-07,13.97,14.45,13.57,14.19,6367478
2020-02-10,14.19,14.19,13.63,13.76,3497031
2020-02-11,13.86,14.14,13.80,14.13,1834034
2020-02-12,14.16,14.495,14.16,14.44,2181047
2020-02-13,14.41,14.47,14.29,14.40,1794045
2020-02-14,14.42,14.62,14.32,14.60,1751997
2020-02-18,14.56,14.60,14.45,14.50,1710080
2020-02-19,14.55,14.79,14.46,14.61,1610765
2020-02-20,14.74,14.74,14.36,14.545,2027443
2020-02-21,14.47,14.485,14.30,14.34,1656766
2020-02-24,13.99,14.14,13.61,13.61,2171577
2020-02-25,13.67,13.87,12.81,12.86,5930598
2020-02-26,12.87,12.95,12.21,12.33,3233711
2020-02-27,12.10,12.41,11.73,11.93,4158010
2020-02-28,11.51,12.22,11.51,12.075,8734280
2020-03-02,12.12,12.435,11.74,12.425,4424879
2020-03-03,12.34,12.75,11.78,11.835,4158988
2020-03-04,11.69,11.97,11.515,11.77,4166233
2020-03-05,11.48,11.48,11.01,11.07,2542565
2020-03-06,10.68,11.11,10.5801,11.02,4089264
2020-03-09,10.26,10.57,10.07,10.14,3928467
2020-03-10,10.35,10.83,10.06,10.80,3831650
2020-03-11,10.45,10.57,10.01,10.09,3945923
2020-03-12,9.38,9.83,9.11,9.22,9126226
2020-03-13,9.74,10.50,9.50,10.47,6720482
2020-03-16,10.56,10.56,9.45,10.14,5382461
2020-03-17,10.17,11.48,9.97,10.88,7291426
2020-03-18,10.57,10.62,9.52,9.88,4261508
2020-03-19,9.82,10.35,9.525,9.67,3494759
2020-03-20,9.36,9.71,8.92,9.02,5681258
2020-03-23,9.11,9.19,7.97,8.23,4201077
2020-03-24,8.65,8.70,8.33,8.68,2568547
2020-03-25,8.66,9.23,8.10,8.72,5042176
2020-03-26,8.78,9.395,8.71,9.16,3247638
2020-03-27,8.89,8.89,8.42,8.53,2888917
2020-03-30,8.47,8.93,8.29,8.82,4264795
2020-03-31,8.98,9.33,8.62,8.975,4254140
2020-04-01,8.42,9.0715,8.41,8.64,3475349
2020-04-02,8.52,8.86,7.90,8.20,4876082
2020-04-03,8.16,8.31,8.0025,8.18,3341434
2020-04-06,8.57,8.995,8.49,8.93,3163939
2020-04-07,8.83,9.55,8.625,8.79,5625475
2020-04-08,8.85,9.03,8.63,8.95,3740339
2020-04-09,9.12,9.61,9.05,9.49,5212174
2020-04-13,9.47,9.47,9.0991,9.39,2399201
2020-04-14,9.58,9.60,9.14,9.415,2416418
2020-04-15,9.12,9.12,8.67,8.93,2408294
2020-04-16,8.94,9.095,8.40,8.435,2201373
2020-04-17,8.65,9.04,8.65,8.90,2435866
2020-04-20,8.74,8.92,8.61,8.77,1929588
2020-04-21,8.51,8.57,8.26,8.435,2359973
2020-04-22,8.62,8.67,8.41,8.435,1538291
2020-04-23,8.47,8.87,8.45,8.675,1576129
2020-04-24,8.73,8.91,8.65,8.83,3409256
2020-04-27,8.87,9.54,8.87,9.46,2944053
2020-04-28,9.65,9.945,9.49,9.81,3478659
2020-04-29,10.05,10.52,10.00,10.50,3903647
2020-04-30,10.26,10.59,9.86,9.91,2009892
2020-05-01,9.76,9.78,9.425,9.475,2056579
2020-05-04,9.34,9.69,9.20,9.64,2787457
2020-05-05,9.74,10.00,9.505,9.55,2174919
2020-05-06,9.60,9.805,9.50,9.67,1965459
2020-05-07,9.79,9.94,9.465,9.65,2823622
2020-05-08,10.61,11.055,10.21,10.93,3163645
2020-05-11,10.78,10.88,10.59,10.70,2494125
2020-05-12,10.74,10.99,10.57,10.59,2166088
2020-05-13,10.46,10.63,10.295,10.61,3623124
2020-05-14,10.39,10.80,10.065,10.73,3967519
2020-05-15,10.67,10.895,10.52,10.87,2877602
2020-05-18,11.35,11.54,11.085,11.16,2455529
2020-05-19,11.16,11.405,11.06,11.10,1906706
2020-05-20,11.24,11.51,11.19,11.45,1720933
2020-05-21,11.37,11.47,11.26,11.38,1658318
2020-05-22,11.45,11.58,11.33,11.52,1853128
2020-05-26,11.94,12.01,11.73,11.88,2986859
2020-05-27,12.06,12.09,11.78,12.09,3736177
2020-05-28,12.19,12.21,11.805,11.875,2614407
2020-05-29,11.84,12.285,11.77,12.25,4649540
2020-06-01,12.26,12.46,12.16,12.19,2103490
2020-06-02,12.39,12.39,12.05,12.25,3331015
2020-06-03,12.44,12.93,12.17,12.91,4388042
2020-06-04,12.79,12.99,12.625,12.79,5490177
2020-06-05,13.07,13.32,12.885,12.955,3410280
2020-06-08,12.95,13.375,12.92,13.36,2387354
2020-06-09,13.19,13.26,12.825,12.88,1769172
2020-06-10,12.88,12.88,12.37,12.39,2155597
2020-06-11,12.00,12.04,11.375,11.41,2152491
2020-06-12,11.88,11.93,11.42,11.72,1954578
2020-06-15,11.34,11.90,11.26,11.79,2143130
2020-06-16,12.23,12.29,11.74,11.94,2295637
2020-06-17,12.01,12.37,11.84,12.30,4059984
2020-06-18,12.09,12.21,11.83,11.93,2046278
2020-06-19,11.95,12.205,11.78,11.86,4731391
2020-06-22,11.78,12.03,11.72,11.96,1456486
2020-06-23,12.10,12.205,12.00,12.00,1713588
2020-06-24,11.82,11.94,11.64,11.67,1918643
2020-06-25,11.62,11.87,11.51,11.76,2881512
2020-06-26,11.67,11.73,11.24,11.48,2954680
2020-06-29,11.61,11.705,11.38,11.65,1445307
2020-06-30,11.68,11.90,11.60,11.86,2194298
2020-07-01,11.85,12.205,11.70,12.08,2015998
2020-07-02,12.21,12.33,12.00,12.03,1612898
2020-07-06,12.25,12.46,12.06,12.17,1550812
2020-07-07,12.04,12.16,11.98,12.00,1318358
2020-07-08,11.97,12.00,11.70,11.85,1618874
2020-07-09,11.79,12.13,11.565,11.73,2136241
2020-07-10,11.78,12.00,11.60,11.96,1671873
2020-07-13,12.03,12.22,11.855,11.93,1877264
2020-07-14,11.92,12.44,11.795,12.43,2656142
2020-07-15,12.54,12.71,12.44,12.65,2590306
2020-07-16,12.61,12.87,12.58,12.76,1130372
2020-07-17,12.79,12.89,12.64,12.82,1079036
2020-07-20,12.75,12.82,12.605,12.66,986453
2020-07-21,12.70,12.8707,12.66,12.75,1205639
2020-07-22,13.05,13.05,12.75,12.85,1610645
2020-07-23,12.89,13.00,12.67,12.72,1409321
2020-07-24,12.81,12.90,12.67,12.71,921839
2020-07-27,12.72,12.91,12.65,12.88,1119405
2020-07-28,12.77,12.82,12.569,12.71,1208399
2020-07-29,12.82,12.95,12.76,12.87,1405216
2020-07-30,12.75,12.965,12.63,12.90,1148034
2020-07-31,12.85,12.92,12.60,12.72,1647711
2020-08-03,12.78,13.04,12.67,13.00,1944867
2020-08-04,12.98,13.405,12.64,13.39,1602345
2020-08-05,13.41,13.51,13.19,13.29,1918070
2020-08-06,13.15,13.60,13.02,13.51,2482983
2020-08-07,13.44,14.36,13.335,14.335,2532340
2020-08-10,14.34,14.965,14.34,14.84,4597930
2020-08-11,14.85,15.33,14.82,14.89,3044589
2020-08-12,15.10,15.41,15.05,15.165,3879950
2020-08-13,15.21,15.42,15.16,15.29,2111087
2020-08-14,15.31,15.455,15.20,15.33,1806149
2020-08-17,15.33,15.39,15.03,15.12,2019615
2020-08-18,14.89,15.27,14.83,15.18,2077481
2020-08-19,15.22,15.41,15.20,15.22,1805684
2020-08-20,15.04,15.28,15.01,15.14,1923727
2020-08-21,15.17,15.17,14.57,14.61,2293115
2020-08-24,14.85,14.88,14.735,14.87,1903428
2020-08-25,14.96,15.01,14.82,14.985,1414910
2020-08-26,15.05,15.145,14.88,15.00,1513538
2020-08-27,15.08,15.16,14.90,15.06,1175641
2020-08-28,15.15,15.275,14.95,15.255,1374818
2020-08-31,15.32,15.43,15.11,15.12,2079927
2020-09-01,15.11,15.30,14.96,15.18,1553092
2020-09-02,15.19,15.28,14.985,15.24,2486322
2020-09-03,15.27,15.45,15.05,15.21,2973155
2020-09-04,15.26,15.39,14.66,14.95,2423064
2020-09-08,14.85,14.895,14.62,14.64,1935102
2020-09-09,14.77,15.165,14.69,15.12,1965347
2020-09-10,15.09,15.225,14.825,14.84,1961108
2020-09-11,14.97,15.205,14.88,15.06,1964439
2020-09-14,15.17,15.37,15.14,15.31,2204229
2020-09-15,15.27,15.355,15.19,15.32,1630536
2020-09-16,15.40,15.40,15.08,15.11,2612377
2020-09-17,14.92,15.245,14.86,15.21,3641651
2020-09-18,14.975,15.895,14.90,15.64,8038477
2020-09-21,15.42,15.59,14.37,14.57,5159003
2020-09-22,14.67,14.81,14.47,14.74,2804045
2020-09-23,14.68,14.88,14.16,14.24,2924071
2020-09-24,14.29,14.33,13.96,14.02,1880196
2020-09-25,13.94,14.12,13.84,14.10,3076642
2020-09-28,14.35,14.545,14.17,14.34,2655386
2020-09-29,14.11,14.24,13.78,13.89,1632320
2020-09-30,13.97,14.15,13.895,14.02,2481902
2020-10-01,14.04,14.23,13.97,14.18,1607682
2020-10-02,14.01,14.315,13.89,14.215,1487957
2020-10-05,14.27,14.43,14.135,14.34,2590217
2020-10-06,14.41,14.70,14.13,14.32,2428366
2020-10-07,14.62,14.62,14.23,14.23,1893387
2020-10-08,14.27,14.445,14.035,14.44,2232474
2020-10-09,14.57,14.57,14.22,14.245,1832294
2020-10-12,14.36,14.54,14.125,14.21,1603842
2020-10-13,14.08,14.34,13.905,14.31,1948021
2020-10-14,14.37,14.60,14.13,14.175,1430605
2020-10-15,14.06,14.13,13.80,13.97,1713046
2020-10-16,14.05,14.23,13.92,14.06,974874
2020-10-19,13.97,14.10,13.61,13.77,1439497
2020-10-20,13.85,13.98,13.75,13.85,1350519
2020-10-21,13.79,14.005,13.76,13.95,1391991
2020-10-22,13.96,14.085,13.78,13.92,1258946
2020-10-23,13.99,14.54,13.73,13.98,1325424
2020-10-26,13.78,13.87,13.465,13.65,1829239
2020-10-27,13.63,13.74,13.395,13.43,1482221
2020-10-28,13.18,13.285,12.945,12.97,2628460
2020-10-29,12.92,13.245,12.79,13.09,1399882
2020-10-30,13.07,13.18,12.865,13.13,1856231
2020-11-02,13.31,13.435,13.07,13.29,1757640
2020-11-03,13.54,13.66,13.41,13.50,1208603
2020-11-04,13.49,13.7075,13.32,13.54,1769393
2020-11-05,13.72,14.115,13.28,14.00,1640170
2020-11-06,15.67,15.91,14.79,15.16,2931723
2020-11-09,15.93,16.49,15.64,15.665,4351417
2020-11-10,15.72,16.37,15.72,16.27,4164682
2020-11-11,16.30,17.21,16.26,17.20,5795410
2020-11-12,17.08,17.18,16.23,16.39,2870621
2020-11-13,16.47,17.03,16.34,16.98,2040067
2020-11-16,17.79,18.15,17.15,17.39,2095259
2020-11-17,17.27,17.835,17.25,17.685,2312641
2020-11-18,17.60,17.96,17.50,17.55,1883182
2020-11-19,17.52,17.70,17.40,17.55,1950928
2020-11-20,17.53,17.60,17.245,17.52,1828947
2020-11-23,17.69,18.00,17.55,17.90,1554937
2020-11-24,18.06,18.275,17.81,18.17,2591336
2020-11-25,18.22,18.27,17.79,18.00,2540527
2020-11-27,17.99,18.01,17.66,17.71,1141656
2020-11-30,17.70,17.92,17.59,17.65,7736830
2020-12-01,17.70,18.21,17.70,18.07,6509320
2020-12-02,18.00,18.46,17.74,18.39,2754085
2020-12-03,18.33,18.60,18.22,18.57,2157655
2020-12-04,18.63,18.70,18.41,18.675,4480365
2020-12-07,18.52,18.63,18.39,18.50,1823710
2020-12-08,18.30,18.50,18.235,18.38,4797024
2020-12-09,18.43,18.465,18.18,18.27,3616319
2020-12-10,18.22,18.55,18.10,18.35,3937889
2020-12-11,18.28,18.40,17.92,17.96,2254407
2020-12-14,18.10,18.10,17.60,17.75,3148919
2020-12-15,18.00,18.195,17.87,18.09,5125367
2020-12-16,18.09,18.14,17.66,17.77,3088069
2020-12-17,17.88,17.96,17.47,17.71,2365899
2020-12-18,17.47,17.73,17.27,17.35,5936329
2020-12-21,17.18,17.71,17.15,17.65,3910140
2020-12-22,17.55,17.805,17.47,17.64,3627707
2020-12-23,17.65,17.82,17.62,17.685,3008327
2020-12-24,17.82,17.9403,17.74,17.82,1099957
2020-12-28,17.93,18.31,17.90,18.18,1675038
2020-12-29,18.13,18.23,17.945,18.02,1198316
2020-12-30,18.02,18.29,17.95,18.03,1373453
2020-12-31,17.98,18.1001,17.76,17.97,1822335
2021-01-04,18.04,18.30,17.75,18.16,3037663
2021-01-05,18.04,18.42,18.00,18.28,1844386
2021-01-06,18.42,19.43,18.22,19.25,3218668
2021-01-07,19.28,19.31,18.73,18.74,2406407
2021-01-08,18.77,18.91,18.38,18.63,1920283
2021-01-11,18.37,18.81,18.30,18.66,1465889
2021-01-12,18.61,18.74,18.34,18.40,1906038
2021-01-13,18.37,18.60,18.26,18.28,2429996
2021-01-14,18.35,18.89,18.35,18.69,1938457
2021-01-15,18.63,18.74,18.40,18.70,2016480
2021-01-19,18.79,18.85,18.52,18.75,2535820
2021-01-20,18.84,19.18,18.80,19.11,2357842
2021-01-21,19.07,19.45,19.015,19.21,1620890
2021-01-22,19.12,19.19,18.56,18.57,2832834
2021-01-25,18.42,18.865,18.2902,18.75,2911988
2021-01-26,18.94,19.175,18.56,19.14,1743096
2021-01-27,19.42,20.05,19.17,19.58,5110183
2021-01-28,19.72,19.81,19.225,19.505,3810291
2021-01-29,19.49,19.935,19.39,19.40,3120652
2021-02-01,19.33,19.50,18.715,19.37,2304622
2021-02-02,19.52,20.00,19.41,19.785,2720900
2021-02-03,19.62,19.94,19.585,19.84,1751302
2021-02-04,19.93,20.89,19.84,20.30,3696907
2021-02-05,21.99,22.25,21.08,21.22,7117862
2021-02-08,21.27,21.82,21.27,21.70,3931675
2021-02-09,21.89,22.38,21.75,22.18,3659830
2021-02-10,22.30,22.89,22.20,22.62,3886186
2021-02-11,22.60,23.08,22.50,23.04,2715899
2021-02-12,23.86,24.06,23.38,23.72,4494004
2021-02-16,23.61,23.86,23.4425,23.79,4886024
2021-02-17,24.04,24.22,23.08,23.18,3998814
2021-02-18,23.16,23.25,22.62,22.65,4511891
2021-02-19,22.67,22.815,22.43,22.50,5040500
2021-02-22,22.48,23.605,22.29,23.36,7168488
2021-02-23,23.20,23.605,23.00,23.43,4076242
2021-02-24,23.38,24.15,23.07,23.81,5901035
2021-02-25,23.78,24.085,23.195,23.21,2645589
2021-02-26,23.24,23.76,23.10,23.45,4359065
2021-03-01,23.80,24.50,23.63,24.36,3775220
2021-03-02,24.34,24.38,23.61,23.64,3990991
2021-03-03,23.64,24.18,23.56,23.79,3145852
2021-03-04,23.74,24.02,23.14,23.53,4400038
2021-03-05,25.06,25.06,23.31,24.37,5979128
2021-03-08,25.015,25.015,23.945,24.24,5290078
2021-03-09,24.40,25.58,24.28,24.85,7223041
2021-03-10,25.06,25.66,24.59,25.52,4632121
2021-03-11,25.48,25.849,25.29,25.73,2775401
2021-03-12,25.86,26.23,25.50,26.21,3789904
2021-03-15,26.24,26.24,25.70,26.11,3511123
2021-03-16,26.25,26.835,26.16,26.48,4250159
2021-03-17,26.44,26.47,25.83,26.35,4596328
2021-03-18,26.49,27.445,26.35,27.15,6585200
2021-03-19,27.06,27.68,26.75,27.30,8400801
2021-03-22,27.40,27.53,26.495,26.71,3919081
2021-03-23,26.64,26.72,25.98,26.11,4072176
2021-03-24,26.22,26.43,25.41,25.45,3561381
2021-03-25,25.33,26.32,25.01,26.21,3598893
2021-03-26,26.31,26.42,25.4012,25.725,5183976
2021-03-29,26.02,26.03,24.825,25.03,4268671
2021-03-30,25.11,25.83,24.93,25.69,3147005
2021-03-31,25.59,26.10,25.41,25.43,4264182
2021-04-01,25.51,26.07,25.25,26.06,2708672
2021-04-05,26.14,26.55,25.86,26.42,2947847
2021-04-06,26.22,26.80,26.22,26.56,3107101
2021-04-07,26.52,26.8199,26.31,26.42,2262152
2021-04-08,26.17,26.79,26.12,26.72,2209069
2021-04-09,26.83,26.95,26.45,26.68,2208982
2021-04-12,26.97,26.97,26.50,26.76,3618498
2021-04-13,26.84,26.92,26.07,26.135,4229995
2021-04-14,26.19,26.66,26.175,26.41,5053632
2021-04-15,26.62,26.86,26.35,26.61,3425060
2021-04-16,26.79,26.91,26.56,26.70,3560364
2021-04-19,26.65,26.84,26.39,26.74,3317752
2021-04-20,26.78,27.055,26.15,26.49,2232698
2021-04-21,26.255,27.34,26.01,27.32,2979939
2021-04-22,27.40,27.47,26.85,26.89,3650760
2021-04-23,27.13,27.23,26.68,26.73,3194669
2021-04-26,26.89,26.96,26.57,26.66,3269630
2021-04-27,26.51,26.83,26.445,26.55,2407370
2021-04-28,26.53,26.63,26.02,26.17,3050271
2021-04-29,26.41,26.63,26.16,26.515,2750306
2021-04-30,26.31,26.41,25.96,26.195,4022406
2021-05-03,26.31,26.54,26.13,26.36,3988287
2021-05-04,26.12,26.16,25.22,25.51,2748205
2021-05-05,25.77,26.35,25.51,26.12,3213172
2021-05-06,26.26,26.40,25.67,26.00,2672324
2021-05-07,26.61,27.70,26.51,27.44,4643552
2021-05-10,27.295,27.965,27.005,27.44,4742568
2021-05-11,27.40,27.66,26.77,27.64,3681987
2021-05-12,27.41,27.555,26.045,26.14,3808621
2021-05-13,26.17,26.785,25.915,26.25,2498306
2021-05-14,26.43,26.78,25.7576,26.70,1778010
2021-05-17,26.97,27.47,26.59,26.91,2734466
2021-05-18,26.89,27.24,26.48,26.48,2916050
2021-05-19,26.07,26.30,25.815,26.01,4021517
2021-05-20,26.16,27.155,26.065,27.05,4844112
2021-05-21,26.66,27.17,26.47,26.49,3284465
2021-05-24,26.68,26.92,26.4701,26.84,3107730
2021-05-25,27.03,27.135,26.62,26.64,3586332
2021-05-26,26.785,27.09,26.76,26.78,3887792
2021-05-27,26.83,27.51,26.83,27.10,18351460
2021-05-28,27.21,27.28,26.56,26.99,4046421
2021-06-01,26.59,26.91,26.04,26.51,3740556
2021-06-02,26.56,26.56,25.62,25.91,3354795
2021-06-03,25.42,25.925,25.36,25.89,2884270
2021-06-04,25.92,26.245,25.88,26.22,1733394
2021-06-07,26.22,26.27,25.63,25.85,2574431
2021-06-08,25.83,26.55,25.725,26.47,3996131
2021-06-09,26.36,26.71,26.27,26.53,1764695
2021-06-10,26.60,26.7158,26.42,26.46,1524311
2021-06-11,26.59,26.86,26.02,26.84,1332729
2021-06-14,26.83,26.87,26.19,26.31,2269231
2021-06-15,26.40,26.51,25.95,26.00,1419978
2021-06-16,25.90,26.03,25.53,25.93,1986276
2021-06-17,25.92,26.01,25.13,25.50,2287905
2021-06-18,25.25,25.43,24.94,25.13,3721279
2021-06-21,25.13,25.84,25.04,25.73,1648362
2021-06-22,25.71,25.795,25.19,25.52,1721967
2021-06-23,25.52,25.71,25.23,25.45,1659017
2021-06-24,25.49,25.71,25.39,25.57,1290627
2021-06-25,25.65,25.97,25.61,25.73,2749452
2021-06-28,25.73,26.065,25.415,25.62,1882147
2021-06-29,25.67,26.065,25.55,25.56,1361873
2021-06-30,25.55,25.90,25.445,25.77,1778088
2021-07-01,25.90,26.25,25.73,26.14,1795560
2021-07-02,26.23,26.23,25.532,25.75,1602265
2021-07-06,25.83,25.83,25.38,25.54,2393932
2021-07-07,25.53,25.71,24.915,25.35,2653153
2021-07-08,25.10,25.25,24.69,24.80,2224956
2021-07-09,25.03,25.67,25.02,25.52,1919411
2021-07-12,25.41,25.92,24.90,25.83,1567919
2021-07-13,25.77,25.77,25.21,25.23,1478083
2021-07-14,25.35,25.56,24.95,25.00,1456228
2021-07-15,24.92,25.25,24.81,24.91,1483892
2021-07-16,25.04,25.15,24.18,24.22,1474082
2021-07-19,23.89,24.22,23.695,23.88,3828659
2021-07-20,23.90,24.39,23.54,24.32,3475477
2021-07-21,24.45,24.86,24.325,24.61,1636987
2021-07-22,24.58,24.61,24.25,24.41,991658
2021-07-23,24.41,24.775,24.29,24.75,1737571
2021-07-26,25.46,25.46,24.65,24.80,2277202
2021-07-27,24.66,24.865,24.4185,24.72,1222999
2021-07-28,24.90,25.00,24.49,24.75,1094251
2021-07-29,24.86,24.95,24.56,24.58,1089747
2021-07-30,24.51,24.785,24.47,24.63,1990528
2021-08-02,24.71,25.02,24.625,24.74,2426481
2021-08-03,24.78,24.81,23.85,24.07,1885357
2021-08-04,24.43,24.66,24.19,24.33,2777991
2021-08-05,24.56,24.94,24.475,24.85,2619933
2021-08-06,26.05,26.42,24.6193,24.72,5298520
2021-08-09,24.225,24.58,23.72,24.41,2908350
2021-08-10,24.30,24.445,24.05,24.28,1665819
2021-08-11,24.23,24.315,23.83,24.18,2697385
2021-08-12,24.07,24.13,23.83,23.97,1962995
2021-08-13,23.96,24.06,23.47,23.52,1645837
2021-08-16,23.33,23.67,23.10,23.60,2179291
2021-08-17,23.08,23.49,22.23,22.99,3045030
2021-08-18,22.89,23.02,22.15,22.18,3091775
2021-08-19,22.01,22.25,21.80,21.87,3018647
2021-08-20,21.82,22.175,21.71,22.10,2563741
2021-08-23,22.19,22.44,22.19,22.38,1346172
2021-08-24,22.36,22.55,22.27,22.32,1556607
2021-08-25,22.516,22.69,22.09,22.58,1568719
2021-08-26,22.51,22.70,22.34,22.36,1559754
2021-08-27,22.45,22.745,22.38,22.74,1764248
2021-08-30,22.68,22.72,22.34,22.37,1482675
2021-08-31,22.53,22.665,22.305,22.47,3563926
2021-09-01,22.64,23.04,22.50,22.82,2513518
2021-09-02,22.82,23.09,22.575,22.65,1374518
2021-09-03,22.67,22.74,22.40,22.56,1832767
2021-09-07,22.60,22.665,22.17,22.20,1934050
2021-09-08,22.18,22.29,21.69,22.08,2906614
2021-09-09,22.19,22.41,22.015,22.05,2910184
2021-09-10,22.18,22.29,21.87,21.89,1847664
2021-09-13,22.07,22.13,21.69,21.88,2541872
2021-09-14,21.89,22.24,21.73,22.01,3517548
2021-09-15,21.92,22.05,21.70,21.95,2424836
2021-09-16,21.93,22.65,21.85,22.47,2679604
2021-09-17,22.44,22.59,22.155,22.35,4683529
2021-09-20,22.00,22.07,21.605,21.86,2476333
2021-09-21,22.08,22.67,21.98,22.21,4713989
2021-09-22,22.59,23.245,22.55,23.12,3498564
2021-09-23,23.63,24.15,23.52,24.01,4536129
2021-09-24,23.75,24.50,23.75,24.37,2743963
2021-09-27,24.23,24.41,24.05,24.19,2607281
2021-09-28,24.10,24.34,23.86,23.92,2632875
2021-09-29,23.95,24.21,23.765,23.81,2582388
2021-09-30,23.91,23.95,23.37,23.53,3194963
2021-10-01,23.63,23.88,23.43,23.71,2799418
2021-10-04,23.66,23.85,23.28,23.45,2087290
2021-10-05,23.74,24.02,23.50,23.78,2039207
2021-10-06,23.46,23.805,23.15,23.63,2667550
2021-10-07,23.84,24.20,23.76,24.06,1652668
2021-10-08,24.15,24.51,24.02,24.08,1555028
2021-10-11,24.10,24.28,23.945,23.97,921119
2021-10-12,23.91,24.43,23.68,23.88,1992049
2021-10-13,23.89,24.16,23.50,23.69,3297490
2021-10-14,23.89,24.11,23.74,24.06,2121149
2021-10-15,24.13,24.225,23.88,23.90,1960497
2021-10-18,23.74,23.87,23.535,23.55,1809786
2021-10-19,23.60,23.825,23.58,23.70,1492399
2021-10-20,23.62,23.82,23.54,23.80,1897165
2021-10-21,23.91,23.99,23.655,23.82,1551292
2021-10-22,23.79,24.195,23.79,24.07,1802451
2021-10-25,24.17,24.41,24.05,24.16,1669975
2021-10-26,24.18,24.22,23.84,23.85,2159102
2021-10-27,23.78,23.78,22.715,22.96,4891585
2021-10-28,23.07,23.37,22.82,23.15,2066604
2021-10-29,22.96,23.175,22.75,22.90,3278436
2021-11-01,22.99,23.53,22.93,23.52,5300834
2021-11-02,23.51,23.63,23.235,23.52,2123938
2021-11-03,23.42,23.54,23.09,23.34,3140621
2021-11-04,23.32,23.50,23.025,23.47,2385750
2021-11-05,25.865,25.865,23.735,24.37,5487037
2021-11-08,24.45,24.78,23.96,24.05,4247026
2021-11-09,24.03,24.295,23.415,23.73,3485113
2021-11-10,23.70,23.88,23.36,23.50,2940562
2021-11-11,23.62,23.87,23.47,23.60,2740851
2021-11-12,23.80,23.90,23.63,23.81,2423136
2021-11-15,23.73,24.00,23.41,23.46,2208027
2021-11-16,23.49,23.71,23.34,23.63,2413692
2021-11-17,23.51,23.60,23.08,23.40,3199457
2021-11-18,23.46,23.59,23.00,23.22,3191010
2021-11-19,23.00,23.11,22.10,22.13,4543076
2021-11-22,22.33,22.72,21.909,22.44,5063254
2021-11-23,22.48,22.59,22.03,22.15,3216470
2021-11-24,22.02,22.07,21.70,21.98,3733798
2021-11-26,21.45,21.65,21.185,21.45,2945478
2021-11-29,21.695,21.975,21.35,21.82,5203596
2021-11-30,21.61,21.93,21.39,21.62,20078860
2021-12-01,22.06,22.15,21.09,21.09,4532136
2021-12-02,21.20,21.79,21.15,21.70,3421488
2021-12-03,21.68,21.78,21.45,21.76,2888584
2021-12-06,21.71,22.035,21.65,21.89,2810968
2021-12-07,22.10,22.305,21.79,21.99,4505551
2021-12-08,22.00,22.42,21.93,22.17,3542987
2021-12-09,21.94,22.21,21.71,21.77,2532446
2021-12-10,21.91,22.53,21.565,21.86,3297201
2021-12-13,21.87,21.92,21.335,21.45,2755548
2021-12-14,21.40,21.48,20.96,21.01,2866469
2021-12-15,21.06,21.325,20.87,21.25,3584836
2021-12-16,21.40,21.73,21.35,21.36,2978403
2021-12-17,21.37,21.43,21.00,21.28,4780509
2021-12-20,20.97,21.055,20.58,20.88,1797448
2021-12-21,20.98,21.715,20.96,21.70,2169190
2021-12-22,21.67,21.96,21.65,21.79,2004218
2021-12-23,21.84,22.44,21.84,22.33,2272760
2021-12-27,22.145,22.705,22.14,22.58,3021896
2021-12-28,22.55,22.83,22.48,22.66,1646039
2021-12-29,22.66,22.805,22.525,22.57,2627486
2021-12-30,22.59,22.79,22.46,22.50,2369021
2021-12-31,22.42,22.605,22.275,22.31,2593568
2022-01-03,22.38,22.96,22.35,22.77,3114973
2022-01-04,22.96,23.10,22.52,22.59,2880651
2022-01-05,22.70,22.96,21.80,21.83,3754269
2022-01-06,21.99,22.67,21.94,22.53,3241281
2022-01-07,22.52,22.775,22.455,22.50,3066270
2022-01-10,22.44,22.80,21.88,22.23,3082915
2022-01-11,22.32,22.455,22.10,22.45,2077504
2022-01-12,22.52,22.74,22.37,22.61,1509290
2022-01-13,22.66,23.20,22.58,22.96,2332138
2022-01-14,22.79,22.93,22.365,22.72,2564053
2022-01-18,22.59,22.64,21.965,22.19,2557211
2022-01-19,22.31,22.37,22.02,22.03,1796592
2022-01-20,21.725,22.45,21.69,21.75,2261149
2022-01-21,21.57,21.86,21.30,21.44,3013264
2022-01-24,21.25,22.03,20.86,22.00,4331505
2022-01-25,21.72,21.825,21.17,21.68,3314164
2022-01-26,21.83,22.1498,21.155,21.36,2762052
2022-01-27,21.47,21.69,21.02,21.08,2885283
2022-01-28,20.98,21.78,20.91,21.76,2912459
2022-01-31,21.73,22.27,21.62,22.24,3730093
2022-02-01,22.22,22.4741,22.01,22.26,3434681
2022-02-02,21.805,22.46,21.805,22.37,3302348
2022-02-03,22.23,22.73,22.23,22.45,4287905
2022-02-04,23.10,23.73,21.85,22.50,5636448
2022-02-07,22.58,22.95,22.37,22.45,3986296
2022-02-08,22.54,23.115,22.45,22.85,3922952
2022-02-09,23.19,23.53,23.14,23.46,3481390
2022-02-10,23.29,23.665,23.08,23.19,3192001
2022-02-11,23.13,23.34,22.58,22.65,3792771
2022-02-14,22.69,22.79,22.145,22.28,3279541
2022-02-15,22.68,23.1999,22.58,23.14,3364084
2022-02-16,22.94,23.695,22.6842,23.68,3532532
2022-02-17,23.47,23.57,22.69,22.76,2518962
2022-02-18,22.56,22.745,22.04,22.15,2984969
2022-02-22,22.06,22.19,21.77,21.88,2629564
2022-02-23,22.06,22.17,21.3101,21.37,2026345
2022-02-24,20.83,21.62,20.53,21.57,2990736
2022-02-25,21.73,22.30,21.415,22.28,4092816
2022-02-28,22.13,22.46,21.87,22.32,3259050
2022-03-01,22.20,22.38,21.275,21.55,5102814
2022-03-02,21.72,22.62,21.5865,22.53,3082859
2022-03-03,22.56,22.62,21.685,21.77,1807163
2022-03-04,21.56,21.56,21.05,21.22,3652483
2022-03-07,21.15,21.20,20.25,20.28,3009484
2022-03-08,20.21,20.95,20.045,20.33,3163511
2022-03-09,20.85,21.41,20.80,21.13,2999749
2022-03-10,20.86,21.085,20.68,20.98,2772972
2022-03-11,21.55,21.745,20.945,20.96,3937457
2022-03-14,21.05,21.28,20.89,21.11,4820327
2022-03-15,21.18,21.45,20.86,21.10,2326089
2022-03-16,21.41,21.83,21.105,21.63,4323241
2022-03-17,21.61,22.47,21.43,22.42,3131778
2022-03-18,22.32,22.41,22.07,22.14,5266706
2022-03-21,22.27,22.51,21.80,22.00,1727036
2022-03-22,22.03,22.4325,21.99,22.24,2608726
2022-03-23,22.04,22.12,21.87,21.92,1836703
2022-03-24,22.02,22.56,21.61,22.55,2305383
2022-03-25,22.62,22.815,22.44,22.58,1630404
2022-03-28,22.57,22.64,22.345,22.51,1184882
2022-03-29,22.81,23.035,22.765,22.96,1505291
2022-03-30,22.84,23.07,22.675,22.77,1446119
2022-03-31,22.65,22.725,22.13,22.15,2707882
2022-04-01,22.29,22.415,21.815,21.93,1609848
2022-04-04,21.772,22.135,21.73,22.11,1592686
2022-04-05,21.99,22.125,21.765,22.00,1931774
2022-04-06,21.79,21.88,21.42,21.67,2584243
2022-04-07,21.56,21.67,20.92,21.30,2221745
2022-04-08,21.25,21.515,21.00,21.34,1568643
2022-04-11,21.14,21.4873,21.045,21.10,2195090
2022-04-12,21.22,21.48,20.81,20.96,2562758
2022-04-13,20.96,21.66,20.761,21.63,2358787
2022-04-14,21.68,21.83,21.055,21.17,2699503
2022-04-18,21.15,21.335,20.955,21.18,1769674
2022-04-19,21.23,21.79,21.11,21.73,2199654
2022-04-20,21.82,21.995,21.475,21.87,3122649
2022-04-21,22.06,22.199,21.32,21.35,1997051
2022-04-22,21.23,21.32,20.74,20.86,2423365
2022-04-25,20.76,20.91,20.31,20.88,2756376
2022-04-26,20.63,20.70,20.05,20.05,1906247
2022-04-27,19.96,20.35,19.91,20.26,2536704
2022-04-28,20.325,20.53,20.03,20.42,1873003
2022-04-29,20.31,20.55,19.84,19.86,2537721
2022-05-02,19.93,20.305,19.76,20.22,2881841
2022-05-03,20.29,20.415,19.91,20.21,3285364
2022-05-04,20.21,20.90,20.14,20.85,2381625
2022-05-05,20.75,20.80,19.395,19.73,3160998
2022-05-06,19.13,19.2224,16.535,17.11,7510489
2022-05-09,16.91,17.64,16.91,17.50,6307735
2022-05-10,17.60,18.00,17.205,17.57,5591458
2022-05-11,17.43,17.96,16.87,16.90,5200565
2022-05-12,16.69,17.39,16.67,17.38,6613309
2022-05-13,17.50,17.96,17.33,17.84,3456358
2022-05-16,17.83,17.90,17.475,17.63,2717147
2022-05-17,18.01,18.375,18.01,18.26,3726328
2022-05-18,18.02,18.40,17.42,17.48,3229862
2022-05-19,17.35,17.71,17.26,17.50,4818438
2022-05-20,17.67,17.885,17.21,17.61,4727309
2022-05-23,17.86,17.90,17.295,17.42,3395504
2022-05-24,17.21,17.21,16.375,16.55,4137778
2022-05-25,16.50,17.00,16.38,16.85,2626105
2022-05-26,16.95,17.28,16.88,17.23,3346777
2022-05-27,17.34,17.68,17.26,17.68,1947270
2022-05-31,17.41,17.54,17.15,17.40,4435820
2022-06-01,17.48,17.625,16.91,17.21,4350485
2022-06-02,17.26,17.79,17.26,17.71,2112187
2022-06-03,17.45,17.51,17.01,17.20,1895241
2022-06-06,17.39,17.44,17.16,17.38,2115295
2022-06-07,17.045,17.61,16.99,17.57,2780943
2022-06-08,17.38,17.61,17.155,17.21,2401233
2022-06-09,17.22,17.26,16.845,16.86,2703790
2022-06-10,16.52,16.66,16.36,16.57,4139962
2022-06-13,16.09,16.20,15.595,15.67,3738064
2022-06-14,15.70,15.79,15.33,15.55,3712438
2022-06-15,15.77,15.835,15.34,15.54,4649215
2022-06-16,15.19,15.46,15.00,15.42,3580199
2022-06-17,15.50,15.80,15.43,15.50,6601747
2022-06-21,15.73,15.86,15.20,15.22,4288536
2022-06-22,15.09,15.26,14.955,15.10,4453031
2022-06-23,15.13,15.265,14.95,15.24,3601376
2022-06-24,15.38,15.90,15.36,15.78,5878706
2022-06-27,15.87,15.95,15.605,15.74,3349101
2022-06-28,15.83,16.12,15.48,15.49,3582898
2022-06-29,15.33,15.50,15.17,15.32,2784947
2022-06-30,15.16,15.74,15.10,15.58,4100355
2022-07-01,15.55,15.805,15.42,15.75,2006901
2022-07-05,15.43,15.65,15.17,15.63,2130214
2022-07-06,15.74,15.87,15.43,15.58,1883208
2022-07-07,15.71,15.885,15.66,15.84,2568628
2022-07-08,15.79,15.94,15.68,15.75,1459462
2022-07-11,15.51,15.60,15.34,15.40,1318081
2022-07-12,15.39,15.835,15.39,15.65,1476053
2022-07-13,15.38,15.585,15.11,15.49,1631313
2022-07-14,15.18,15.345,15.14,15.24,1452256
2022-07-15,15.50,15.74,15.324,15.73,2103340
2022-07-18,15.79,15.96,15.645,15.71,2435513
2022-07-19,15.97,16.37,15.84,16.31,1750120
2022-07-20,16.29,16.815,16.28,16.62,2327983
2022-07-21,16.59,16.835,16.45,16.83,2575342
2022-07-22,16.78,16.955,16.645,16.88,2296971
2022-07-25,16.90,17.16,16.77,16.90,2852612
2022-07-26,16.73,16.91,16.57,16.70,2340865
2022-07-27,16.74,17.115,16.675,17.05,3087975
2022-07-28,16.88,17.155,16.625,17.10,2401438
2022-07-29,17.03,17.295,16.90,17.14,2205944
2022-08-01,17.02,17.30,16.80,17.13,1428551
2022-08-02,17.05,17.17,16.91,17.00,1528949
2022-08-03,17.06,17.545,16.99,17.51,2222250
2022-08-04,17.405,17.56,17.26,17.38,1698233
2022-08-05,17.07,17.13,16.835,17.01,4076020
2022-08-08,17.08,17.64,17.01,17.37,4028359
2022-08-09,18.86,20.58,18.16,18.27,5158878
2022-08-10,18.41,18.54,18.175,18.45,3708727
2022-08-11,18.45,18.78,18.43,18.67,2768453
2022-08-12,18.72,18.885,18.63,18.83,2190022
2022-08-15,18.83,18.91,18.45,18.49,3705836
2022-08-16,18.34,18.81,18.34,18.59,2370974
2022-08-17,18.45,18.48,18.19,18.33,1877561
2022-08-18,18.25,18.35,17.99,18.28,1660062
2022-08-19,18.15,18.20,17.84,17.90,1677852
2022-08-22,17.62,17.79,17.43,17.45,1629491
2022-08-23,17.45,17.64,17.27,17.31,1400984
2022-08-24,17.40,17.56,17.25,17.48,1629290
2022-08-25,17.50,17.76,17.50,17.73,1360282
2022-08-26,17.77,17.94,17.35,17.35,2770114
2022-08-29,17.30,17.41,17.18,17.29,1374121
2022-08-30,17.32,17.34,17.005,17.10,2532841
2022-08-31,17.17,17.33,16.91,16.92,2932645
2022-09-01,16.78,16.92,16.70,16.92,2243017
2022-09-02,17.03,17.32,16.875,16.96,2127004
2022-09-06,17.04,17.07,16.42,16.45,2760723
2022-09-07,16.45,16.87,16.35,16.82,1994076
2022-09-08,16.63,16.925,16.502,16.80,2062351
2022-09-09,16.87,17.50,16.87,17.47,2124110
2022-09-12,17.58,17.835,17.58,17.61,1835497
2022-09-13,17.11,17.41,16.775,16.83,2417901
2022-09-14,16.88,16.915,16.56,16.86,1756339
2022-09-15,16.86,17.41,16.86,17.14,2793757
2022-09-16,17.07,17.07,16.33,16.53,4057048
2022-09-19,16.35,16.685,16.32,16.54,1531691
2022-09-20,16.40,16.68,16.36,16.46,1900078
2022-09-21,16.60,16.66,15.99,16.01,2455264
2022-09-22,15.94,16.04,15.665,15.69,2242279
2022-09-23,15.60,15.69,15.175,15.33,2288654
2022-09-26,15.21,15.45,15.015,15.04,3913864
2022-09-27,15.09,15.36,14.895,14.95,2064750
2022-09-28,15.00,15.48,14.98,15.38,1897567
2022-09-29,15.08,15.24,14.87,15.05,2148603
2022-09-30,15.13,15.42,15.00,15.11,3899813
2022-10-03,15.35,15.675,15.22,15.63,2271397
2022-10-04,15.82,16.40,15.82,16.38,3629031
2022-10-05,16.05,16.26,15.96,16.14,1897783
2022-10-06,16.35,16.35,15.845,15.88,1460129
2022-10-07,15.75,15.82,15.46,15.55,1527770
2022-10-10,15.66,15.74,15.39,15.51,1222709
2022-10-11,15.35,15.75,15.22,15.46,2927751
2022-10-12,15.46,15.595,15.30,15.52,2000996
2022-10-13,15.24,15.99,15.045,15.94,2654897
2022-10-14,16.03,16.19,15.56,15.60,3088256
2022-10-17,16.25,16.83,16.12,16.13,8113411
2022-10-18,16.45,16.74,16.06,16.25,4179302
2022-10-19,16.41,16.76,16.355,16.59,4304747
2022-10-20,16.55,16.895,16.39,16.69,3862570
2022-10-21,16.66,17.22,16.505,17.20,4028409
2022-10-24,17.36,17.36,16.70,16.92,4399585
2022-10-25,16.99,17.24,16.92,17.17,3563733
2022-10-26,17.17,17.365,16.98,17.00,2937377
2022-10-27,17.12,17.22,16.69,16.74,2415321
2022-10-28,16.78,16.98,16.55,16.91,2929643
2022-10-31,16.91,16.96,16.77,16.87,3698417
2022-11-01,17.06,17.43,16.895,16.99,2429958
2022-11-02,16.84,16.98,16.41,16.47,3178554
2022-11-03,16.22,16.625,15.975,16.46,4055143
2022-11-04,16.69,16.70,16.135,16.68,2858081
2022-11-07,16.78,16.90,16.395,16.72,3790753
2022-11-08,16.79,17.30,16.66,17.09,3886868
2022-11-09,15.05,16.45,15.00,16.16,6692092
2022-11-10,16.752,17.40,16.495,17.30,5283010
2022-11-11,17.53,18.07,17.455,18.06,3456311
2022-11-14,17.96,18.45,17.84,18.18,3532121
2022-11-15,18.23,18.48,17.925,18.15,2191448
2022-11-16,18.08,18.12,17.815,17.91,2023912
2022-11-17,17.61,18.05,17.53,17.94,2001976
2022-11-18,18.20,18.21,17.72,17.83,2624957
2022-11-21,17.61,17.78,17.36,17.48,2455388
2022-11-22,17.53,17.85,17.41,17.83,1761159
2022-11-23,17.89,18.39,17.77,18.23,2091857
2022-11-25,18.17,18.475,18.09,18.30,1234284
2022-11-28,18.11,18.605,18.11,18.19,3510086
2022-11-29,18.21,18.62,18.10,18.56,2921102
2022-11-30,18.50,19.25,18.47,19.15,4878806
2022-12-01,19.09,19.36,19.02,19.16,2798644
2022-12-02,18.98,19.17,18.875,19.12,1671195
2022-12-05,19.02,19.07,18.70,18.72,1516747
2022-12-06,18.74,18.81,18.355,18.48,1880512
2022-12-07,18.45,18.48,18.055,18.20,2030851
2022-12-08,18.29,18.435,18.11,18.15,2257868
2022-12-09,18.15,18.21,17.99,18.05,1586014
2022-12-12,18.01,18.205,17.845,18.19,2185282
2022-12-13,18.74,18.955,18.45,18.70,2826496
2022-12-14,18.57,18.875,18.37,18.68,2329670
2022-12-15,18.37,18.57,17.74,17.78,2159410
2022-12-16,17.70,17.91,17.57,17.83,3888095
2022-12-19,17.78,17.825,17.32,17.43,2023742
2022-12-20,17.45,17.56,17.245,17.51,2486752
2022-12-21,17.65,17.865,17.51,17.73,1862469
2022-12-22,17.55,17.84,17.435,17.81,1585810
2022-12-23,18.18,18.54,17.91,18.31,3703894
2022-12-27,18.31,18.46,18.10,18.28,1506601
2022-12-28,18.25,18.39,17.94,17.95,1646057
2022-12-29,18.03,18.36,17.99,18.22,1461037
2022-12-30,18.03,18.21,17.95,18.20,1859919
2023-01-03,18.37,18.545,18.08,18.30,1859168
2023-01-04,18.53,19.01,18.345,18.98,2519245
2023-01-05,18.89,18.92,18.55,18.68,1439042
2023-01-06,18.91,19.07,18.625,19.00,1699252
2023-01-09,19.10,19.345,18.98,19.07,1504291
2023-01-10,19.04,19.40,18.89,19.39,1419140
2023-01-11,19.39,19.45,19.02,19.31,2293487
2023-01-12,19.34,19.455,19.19,19.35,1658214
2023-01-13,19.14,19.47,19.13,19.46,1605580
2023-01-17,19.43,19.51,19.17,19.27,1824637
2023-01-18,19.34,19.40,18.80,18.87,2078427
2023-01-19,18.73,18.80,18.51,18.71,1806722
2023-01-20,18.77,19.30,18.64,19.26,1807693
2023-01-23,19.30,19.565,19.17,19.55,1272896
2023-01-24,19.48,19.56,19.27,19.53,1489916
2023-01-25,20.505,21.28,20.42,20.64,9544622
2023-01-26,20.63,20.82,20.36,20.72,3052506
2023-01-27,20.70,20.78,20.455,20.52,2873383
2023-01-30,20.29,20.415,20.05,20.17,3403978
2023-01-31,20.16,20.29,20.095,20.26,2797985
2023-02-01,20.26,20.75,19.90,20.72,3252834
2023-02-02,20.935,21.69,20.88,21.47,3026000
2023-02-03,21.21,21.41,21.005,21.17,2510567
2023-02-06,20.96,21.04,20.5925,20.77,2127788
2023-02-07,20.69,21.005,20.505,20.91,1771900
2023-02-08,20.79,21.18,20.74,20.88,2228775
2023-02-09,21.09,21.09,20.54,20.59,2655251
2023-02-10,19.65,19.7353,18.605,18.66,8312632
2023-02-13,18.63,18.975,18.49,18.87,3645301
2023-02-14,18.78,18.905,18.50,18.82,2986607
2023-02-15,18.74,19.16,18.645,19.14,2802288
2023-02-16,18.87,19.06,18.675,18.70,2459119
2023-02-17,18.68,19.01,18.535,19.00,2682727
2023-02-21,18.75,18.88,18.24,18.26,2353739
2023-02-22,17.80,17.875,17.33,17.68,4609670
2023-02-23,17.63,17.72,17.325,17.50,2130129
2023-02-24,17.15,17.45,16.995,17.44,2721951
2023-02-27,17.55,17.55,17.245,17.27,2146020
2023-02-28,17.24,17.33,17.06,17.15,3739432
2023-03-01,17.01,17.09,16.84,16.92,2607107
2023-03-02,16.82,17.28,16.785,17.26,2123547
2023-03-03,17.33,17.36,17.125,17.26,2256666
2023-03-06,17.305,17.425,16.97,17.03,3163875
2023-03-07,17.02,17.125,16.83,16.86,2696210
2023-03-08,16.90,16.99,16.675,16.77,2907903
2023-03-09,16.77,16.84,16.27,16.29,3382287
2023-03-10,16.22,16.23,15.74,16.01,3741369
2023-03-13,15.92,15.92,15.575,15.60,3972706
2023-03-14,15.88,15.96,15.64,15.91,5555130
2023-03-15,15.64,15.925,15.59,15.92,3860040
2023-03-16,15.80,16.29,15.71,16.24,3160516
2023-03-17,16.17,16.20,15.905,15.91,4593405
2023-03-20,15.92,16.11,15.835,16.07,2186418
2023-03-21,16.28,16.37,16.17,16.21,3371443
2023-03-22,16.17,16.255,15.81,15.83,2494983
2023-03-23,15.90,16.285,15.90,16.18,6234795
2023-03-24,16.09,16.25,15.88,16.22,2939132
2023-03-27,16.40,16.57,16.35,16.49,3261136
2023-03-28,16.45,16.62,16.36,16.60,2194499
2023-03-29,16.78,16.965,16.70,16.93,1986621
2023-03-30,16.97,17.17,16.91,16.97,2254160
2023-03-31,17.04,17.2875,16.98,17.27,2158738
2023-04-03,17.17,17.48,17.17,17.42,2854215
2023-04-04,17.50,17.66,17.215,17.32,3256074
2023-04-05,17.26,17.345,17.04,17.32,3128414
2023-04-06,17.27,17.37,17.125,17.27,1987135
2023-04-10,17.13,17.415,17.13,17.40,1380762
2023-04-11,17.41,17.66,17.40,17.60,1596846
2023-04-12,17.78,17.83,17.27,17.30,2766606
2023-04-13,17.28,17.665,17.28,17.62,2119800
2023-04-14,17.56,17.72,17.29,17.40,1366994
2023-04-17,17.36,17.45,17.17,17.32,2379617
2023-04-18,17.40,17.47,17.215,17.27,2857047
2023-04-19,17.16,17.495,17.06,17.40,2053186
2023-04-20,17.33,17.49,17.26,17.27,2164630
2023-04-21,17.32,17.39,17.205,17.28,1889185
2023-04-24,17.29,17.38,17.09,17.25,1288242
2023-04-25,17.07,17.11,16.79,16.90,2749355
2023-04-26,16.90,17.04,16.60,16.65,1739878
2023-04-27,16.76,17.17,16.59,17.15,1773845
2023-04-28,17.16,17.61,17.10,17.61,2753970
2023-05-01,17.52,17.655,17.33,17.37,1824047
2023-05-02,17.31,17.31,16.725,16.98,2267669
2023-05-03,17.05,17.275,17.02,17.03,1846969
2023-05-04,16.80,17.00,16.64,16.72,5698790
2023-05-05,16.93,17.175,16.82,17.12,1684014
2023-05-08,17.15,17.23,17.00,17.14,1127674
2023-05-09,17.10,17.10,16.845,16.93,2008513
2023-05-10,17.15,17.2508,16.35,16.66,3342188
2023-05-11,16.61,16.79,16.40,16.74,3907256
2023-05-12,18.24,18.63,17.59,18.16,5659781
2023-05-15,18.31,18.83,18.25,18.77,4224410
2023-05-16,18.67,18.67,18.205,18.37,2721176
2023-05-17,18.52,18.74,18.24,18.72,2276896
2023-05-18,18.72,18.81,18.515,18.77,1714570
2023-05-19,18.84,18.84,18.51,18.58,1420075
2023-05-22,18.64,18.745,18.42,18.53,1771993
2023-05-23,18.42,18.605,18.355,18.37,1633824
2023-05-24,18.24,18.335,18.095,18.22,1625697
2023-05-25,18.22,18.425,18.14,18.23,2051850
2023-05-26,18.32,18.57,18.195,18.54,1756070
2023-05-30,18.69,18.82,18.61,18.78,1818828
2023-05-31,18.70,18.71,18.17,18.31,3598117
2023-06-01,18.42,18.70,18.24,18.69,2285306
2023-06-02,18.82,18.97,18.575,18.80,1902129
2023-06-05,18.76,18.87,18.585,18.63,2224404
2023-06-06,18.65,18.98,18.585,18.95,2168740
2023-06-07,18.99,19.46,18.92,19.43,4897014
2023-06-08,19.38,19.42,18.975,19.20,2363464
2023-06-09,19.23,19.255,19.025,19.21,1783428
2023-06-12,19.20,19.28,18.95,19.00,4302628
2023-06-13,19.05,19.515,19.05,19.41,2540677
2023-06-14,19.46,19.695,19.175,19.26,2181369
2023-06-15,19.25,19.58,19.18,19.51,2395440
2023-06-16,19.66,19.69,19.435,19.57,3909989
2023-06-20,19.40,19.51,19.08,19.09,1672026
2023-06-21,19.07,19.30,18.925,19.27,1668645
2023-06-22,19.23,19.27,18.805,18.84,1163644
2023-06-23,18.64,18.895,18.59,18.76,2228586
2023-06-26,18.82,18.995,18.75,18.94,1178136
2023-06-27,18.95,19.38,18.895,19.23,1286842
2023-06-28,19.20,19.57,19.19,19.53,1905472
2023-06-29,19.53,19.68,19.445,19.53,1172035
2023-06-30,19.72,19.7346,19.47,19.50,1497498
2023-07-03,19.42,19.61,19.33,19.55,1123034
2023-07-05,19.40,19.53,19.205,19.50,2286685
2023-07-06,19.30,19.52,18.975,19.49,2412874
2023-07-07,19.44,19.87,19.41,19.71,2559148
2023-07-10,19.60,19.81,19.49,19.57,1791023
2023-07-11,19.68,19.93,19.48,19.92,1780066
2023-07-12,20.16,20.41,20.10,20.16,2168446
2023-07-13,20.28,20.365,20.19,20.33,1356707
2023-07-14,20.34,20.38,20.03,20.21,1308062
2023-07-17,20.18,20.47,20.035,20.40,1699340
2023-07-18,20.36,20.70,20.36,20.59,1893590
2023-07-19,20.55,20.57,20.115,20.15,2026589
2023-07-20,20.12,20.205,19.74,19.88,2424489
2023-07-21,19.96,19.965,19.61,19.65,2572322
2023-07-24,19.65,19.79,19.28,19.34,2365535
2023-07-25,19.30,19.41,19.18,19.29,2261777
2023-07-26,19.27,19.465,19.09,19.20,1495268
2023-07-27,19.45,19.545,19.20,19.27,2283368
2023-07-28,19.56,19.5601,19.20,19.38,1772212
2023-07-31,19.38,19.88,19.37,19.82,3161716
2023-08-01,19.68,19.945,19.52,19.81,2204261
2023-08-02,19.70,19.73,19.385,19.66,1711036
2023-08-03,19.49,19.82,19.42,19.71,2695937
2023-08-04,19.70,20.27,19.68,19.88,2677585
2023-08-07,20.03,20.365,19.975,20.21,2840295
2023-08-08,20.08,20.39,20.00,20.38,3094427
2023-08-09,20.44,20.59,20.22,20.34,2709207
2023-08-10,20.47,20.61,20.12,20.31,4137626
2023-08-11,20.64,21.29,20.41,21.24,4758277
2023-08-14,21.23,21.645,21.06,21.62,3981077
2023-08-15,21.34,21.39,20.855,20.91,2861545
2023-08-16,20.97,21.525,20.94,21.11,3403021
2023-08-17,21.15,21.22,20.76,20.78,3340074
2023-08-18,20.68,20.85,20.61,20.76,1689115
2023-08-21,20.78,20.875,20.365,20.59,2032109
2023-08-22,20.57,20.865,20.55,20.66,2247227
2023-08-23,20.69,20.955,20.665,20.87,1977563
2023-08-24,20.79,21.06,20.64,20.64,1544632
2023-08-25,20.60,20.89,20.59,20.74,1885951
2023-08-28,20.79,21.07,20.79,20.89,1840499
2023-08-29,20.90,21.27,20.84,21.22,1871054
2023-08-30,21.20,21.395,21.16,21.33,2070988
2023-08-31,21.31,21.64,21.295,21.49,3099934
2023-09-01,21.49,21.54,21.16,21.28,1779119
2023-09-05,21.05,21.23,20.93,21.19,2051885
2023-09-06,21.17,21.32,21.01,21.21,2028965
2023-09-07,21.22,21.28,20.97,21.00,1962414
2023-09-08,21.09,21.25,21.025,21.06,2960158
2023-09-11,21.11,21.29,21.01,21.04,1769638
2023-09-12,20.84,21.06,20.70,20.82,2035917
2023-09-13,20.93,20.94,20.22,20.29,2105963
2023-09-14,20.45,20.56,20.305,20.51,2425574
2023-09-15,20.43,20.58,20.195,20.28,3698775
2023-09-18,20.30,20.35,19.875,19.92,2662117
2023-09-19,19.91,20.02,19.865,19.95,2421876
2023-09-20,20.00,20.055,19.65,19.67,1924532
2023-09-21,19.63,20.295,19.45,19.92,5569471
2023-09-22,19.95,20.04,19.58,19.68,2893918
2023-09-25,19.59,19.82,19.565,19.79,2867521
2023-09-26,19.60,19.79,19.58,19.59,2293857
2023-09-27,19.75,19.81,19.535,19.65,2329573
2023-09-28,19.62,20.07,19.62,19.98,2418652
2023-09-29,20.06,20.23,19.97,20.06,2545534
2023-10-02,20.04,20.17,19.92,20.00,2579872
2023-10-03,19.89,20.095,19.38,19.43,2795375
2023-10-04,19.46,19.84,19.25,19.82,2681338
2023-10-05,19.77,19.91,19.585,19.70,2270836
2023-10-06,19.68,20.355,19.64,20.16,2871443
2023-10-09,20.13,20.305,19.89,20.23,2309475
2023-10-10,20.24,20.655,20.10,20.64,2957549
2023-10-11,20.71,21.075,20.69,20.90,3939726
2023-10-12,20.93,21.07,20.61,20.81,2871824
2023-10-13,20.86,21.50,20.495,20.91,8201645
2023-10-16,21.188,21.94,21.12,21.89,7209915
2023-10-17,21.93,22.26,21.66,22.23,6778365
2023-10-18,22.15,22.315,21.88,21.89,4009012
2023-10-19,21.92,21.955,21.535,21.62,3956335
2023-10-20,21.67,21.705,21.01,21.21,3797997
2023-10-23,21.16,21.425,21.03,21.10,2743561
2023-10-24,21.20,21.61,21.18,21.46,2614639
2023-10-25,21.35,21.40,20.54,20.55,3149063
2023-10-26,20.54,20.70,20.42,20.50,3032226
2023-10-27,20.50,21.185,20.11,20.22,1917649
2023-10-30,20.58,20.64,20.325,20.62,2317275
2023-10-31,20.62,20.87,20.55,20.68,3041326
2023-11-01,20.73,20.80,20.495,20.78,2377565
2023-11-02,20.92,21.48,20.90,21.25,4933462
2023-11-03,21.47,21.94,21.47,21.93,5145169
2023-11-06,21.82,21.985,21.62,21.66,2915882
2023-11-07,21.63,21.705,21.385,21.43,3052580
2023-11-08,21.39,21.705,21.36,21.41,3273671
2023-11-09,21.47,21.585,21.11,21.29,4273298
2023-11-10,20.79,21.45,20.52,20.92,5597647
2023-11-13,20.80,20.82,20.35,20.45,3127989
2023-11-14,20.84,21.11,20.81,20.96,2819277
2023-11-15,20.97,21.295,20.845,20.88,2643520
2023-11-16,20.95,21.155,20.83,21.07,2710160
2023-11-17,21.18,21.21,20.91,21.03,2206350
2023-11-20,21.04,21.36,20.95,21.28,1625107
2023-11-21,21.25,21.46,21.105,21.45,2379384
2023-11-22,21.60,21.97,21.555,21.95,2391773
2023-11-24,22.01,22.08,21.85,22.01,1165071
2023-11-27,21.97,22.425,21.825,22.39,2943391
2023-11-28,22.39,22.55,22.26,22.33,3006706
2023-11-29,22.33,22.47,22.02,22.34,2686534
2023-11-30,22.29,22.33,21.885,22.04,4690437
2023-12-01,22.10,22.28,21.995,22.15,2173659
2023-12-04,22.06,22.50,22.00,22.06,2369523
2023-12-05,21.93,21.93,21.52,21.77,2831030
2023-12-06,21.88,22.00,21.73,21.79,2002177
2023-12-07,21.92,21.985,21.65,21.95,1691716
2023-12-08,21.92,22.09,21.71,21.94,1801549
2023-12-11,22.02,22.18,21.89,22.07,1467157
2023-12-12,22.14,22.20,21.85,22.00,2398130
2023-12-13,21.98,22.71,21.88,22.68,3430535
2023-12-14,22.97,23.455,22.915,23.30,3639381
2023-12-15,23.31,23.48,23.095,23.40,5849344
2023-12-18,23.40,23.47,23.195,23.35,2269768
2023-12-19,23.49,23.80,23.43,23.74,1787868
2023-12-20,23.75,23.91,23.375,23.42,2133257
2023-12-21,23.58,23.74,23.43,23.70,1542326
2023-12-22,23.82,23.895,23.655,23.80,1202044
2023-12-26,23.79,24.165,23.68,24.13,1126531
2023-12-27,24.14,24.585,23.9742,24.42,1822406
2023-12-28,24.54,24.77,24.43,24.63,1750076
2023-12-29,24.51,24.81,24.49,24.55,2162542
2024-01-02,24.37,24.45,24.15,24.42,2018449
2024-01-03,24.24,24.52,24.03,24.30,2362020
2024-01-04,24.36,24.425,24.065,24.24,2735828
2024-01-05,24.26,24.655,24.26,24.43,3243919
2024-01-08,24.37,24.67,24.21,24.64,2095529
2024-01-09,24.39,24.57,24.24,24.25,1874120
2024-01-10,24.17,24.40,24.105,24.19,1604858
2024-01-11,24.20,24.27,23.895,24.22,2035813
2024-01-12,24.40,24.55,24.09,24.24,2881959
2024-01-16,24.12,24.23,23.56,23.75,2774147
2024-01-17,23.45,23.725,23.40,23.48,2460628
2024-01-18,23.48,23.665,23.285,23.58,2381813
2024-01-19,23.66,24.055,23.50,24.03,2277289
2024-01-22,24.13,24.32,24.04,24.25,2174362
2024-01-23,24.45,24.555,24.10,24.31,2439880
2024-01-24,24.57,24.755,24.49,24.63,2040598
2024-01-25,24.91,25.05,24.64,24.70,2665097
2024-01-26,24.72,24.955,24.72,24.74,1975499
2024-01-29,24.74,25.11,24.63,25.09,1860480
2024-01-30,25.00,25.07,24.65,24.80,3094199
2024-01-31,24.84,25.015,24.56,24.64,3373163
2024-02-01,24.69,24.78,24.31,24.77,2134338
2024-02-02,24.68,24.80,24.46,24.70,2295970
2024-02-05,24.47,24.62,24.10,24.15,5426683
2024-02-06,24.35,24.695,24.24,24.68,2339378
2024-02-07,24.68,24.75,23.72,24.27,5263697
2024-02-08,26.88,28.00,25.43,25.84,9683668
2024-02-09,25.94,26.185,25.70,26.04,4479972
2024-02-12,26.20,26.315,25.975,26.07,3202132
2024-02-13,25.87,25.87,25.42,25.76,3933798
2024-02-14,25.96,26.12,25.765,26.01,2709046
2024-02-15,26.05,26.69,25.985,26.50,2898499
2024-02-16,26.50,26.59,26.215,26.24,1712864
2024-02-20,26.17,26.385,26.145,26.25,3964961
2024-02-21,26.11,26.50,25.84,26.08,2653865
2024-02-22,26.29,26.54,26.10,26.51,2018868
2024-02-23,26.51,26.5825,26.39,26.43,2088355
2024-02-26,26.43,26.46,26.19,26.36,2356634
2024-02-27,26.39,26.455,26.23,26.43,1678281
2024-02-28,26.37,26.49,26.23,26.33,1823378
2024-02-29,26.60,26.95,26.433,26.88,6586480
2024-03-01,26.88,26.88,26.23,26.33,3534820
2024-03-04,26.39,26.46,25.76,25.93,3327562
2024-03-05,25.74,25.95,25.50,25.87,2788895
2024-03-06,26.11,26.135,25.855,26.03,3096318
2024-03-07,26.07,26.36,26.00,26.14,2535207
2024-03-08,26.21,26.59,26.21,26.34,2395343
2024-03-11,26.41,27.20,26.115,26.48,4101119
2024-03-12,26.52,26.695,26.31,26.33,2561374
2024-03-13,26.36,26.47,26.19,26.35,2974623
2024-03-14,26.26,26.28,25.925,26.09,2612298
2024-03-15,25.96,26.31,25.47,25.51,6474628
2024-03-18,25.65,25.77,25.315,25.45,3165741
2024-03-19,25.48,25.805,25.34,25.74,2231044
2024-03-20,25.64,25.96,25.62,25.91,2442739
2024-03-21,25.96,26.25,25.955,26.21,2519456
2024-03-22,26.19,26.24,25.885,25.90,1741185
2024-03-25,25.98,26.115,25.845,26.03,2075656
2024-03-26,26.15,26.3487,26.02,26.07,1926089
2024-03-27,26.24,26.475,26.05,26.29,2041063
2024-03-28,26.37,26.53,26.17,26.18,3432629
2024-04-01,26.19,26.21,25.65,25.81,2248662
2024-04-02,25.67,25.795,25.45,25.51,1875084
2024-04-03,25.51,25.765,25.315,25.75,2111299
2024-04-04,25.86,26.14,25.48,25.55,3311077
2024-04-05,25.54,25.805,25.5006,25.66,2048666
2024-04-08,25.80,25.92,25.67,25.74,2429618
2024-04-09,25.86,25.96,25.40,25.51,2921403
2024-04-10,25.13,25.40,24.79,24.83,3853558
2024-04-11,24.87,25.03,24.77,24.92,2431233
2024-04-12,24.70,24.79,24.295,24.36,2335529
2024-04-15,24.58,24.75,24.185,24.28,2219550
2024-04-16,24.13,24.255,23.935,24.10,1540220
2024-04-17,24.31,24.36,24.14,24.15,1565445
2024-04-18,24.31,24.35,23.98,24.03,1358194
2024-04-19,24.03,24.11,23.945,24.02,1433502
2024-04-22,24.21,24.535,24.095,24.43,2059666
2024-04-23,24.48,24.725,24.48,24.61,1174698
2024-04-24,24.57,24.72,24.48,24.56,1804778
2024-04-25,24.39,24.52,23.985,24.21,2004074
2024-04-26,24.17,24.32,23.99,24.22,1725029
2024-04-29,24.34,24.515,24.16,24.18,1966611
2024-04-30,24.11,24.23,23.63,23.80,4483654
2024-05-01,23.71,24.10,23.69,23.84,2930566
2024-05-02,23.93,24.065,23.735,24.00,2906221
2024-05-03,24.17,24.525,24.17,24.47,2640714
2024-05-06,24.53,24.63,24.22,24.56,3297987
2024-05-07,24.79,24.83,24.30,24.42,4734487
2024-05-08,24.12,24.31,23.98,24.14,5445230
2024-05-09,23.15,24.92,22.65,24.78,8134445
2024-05-10,24.80,25.07,24.59,25.03,4267492
2024-05-13,25.189,25.555,25.09,25.46,3344646
2024-05-14,25.53,25.66,25.36,25.57,2860877
2024-05-15,25.76,26.055,25.67,25.99,2383729
2024-05-16,26.025,26.535,26.025,26.30,2772777
2024-05-17,26.41,26.41,26.12,26.29,1866501
2024-05-20,26.33,26.44,26.215,26.42,1707558
2024-05-21,26.37,26.455,26.165,26.29,1589770
2024-05-22,26.26,26.33,25.94,25.95,2728514
2024-05-23,26.51,26.66,25.83,25.88,2675242
2024-05-24,25.98,26.80,25.88,26.74,2080322
2024-05-28,26.77,26.94,26.55,26.63,3117236
2024-05-29,26.39,26.74,26.39,26.63,1887143
2024-05-30,26.70,26.96,26.52,26.92,1969339
2024-05-31,26.81,27.21,26.74,27.19,3787315
2024-06-03,27.39,27.47,27.09,27.29,1957779
2024-06-04,27.18,27.45,27.05,27.23,2512041
2024-06-05,27.26,27.915,27.16,27.89,2168777
2024-06-06,27.86,27.92,27.665,27.71,2340842
2024-06-07,27.61,27.61,27.12,27.19,3109344
2024-06-10,27.07,27.25,26.98,27.21,1412103
2024-06-11,27.09,27.45,27.085,27.35,1618040
2024-06-12,27.67,27.74,27.42,27.55,1338634
2024-06-13,27.45,27.45,27.00,27.19,1235412
2024-06-14,27.02,27.155,26.775,27.08,2442679
2024-06-17,27.08,27.08,26.735,26.86,1780542
2024-06-18,26.80,27.12,26.60,27.01,1988930
2024-06-20,26.92,27.22,26.835,26.90,1901340
2024-06-21,26.96,27.13,26.60,26.85,8483724
2024-06-24,26.96,27.53,26.915,27.51,2594041
2024-06-25,27.52,27.89,27.36,27.87,2438929
2024-06-26,27.87,27.99,27.68,27.87,1780894
2024-06-27,27.88,27.92,27.63,27.69,2004116
2024-06-28,27.66,27.94,27.41,27.57,4829023
2024-07-01,27.56,27.86,27.275,27.29,2042877
2024-07-02,27.16,27.645,27.092,27.63,2368151
2024-07-03,27.66,27.83,27.61,27.66,1063313
2024-07-05,27.61,27.65,27.3905,27.48,1772547
2024-07-08,27.65,27.77,27.17,27.25,2556125
2024-07-09,27.21,27.88,27.07,27.72,3186710
2024-07-10,27.83,27.90,27.63,27.79,1674383
2024-07-11,27.95,28.03,27.81,27.84,2112467
2024-07-12,27.92,28.09,27.695,27.74,3380417
2024-07-15,27.74,27.93,27.53,27.70,2502064
2024-07-16,27.80,28.62,27.75,28.44,4387917
2024-07-17,28.38,28.49,27.87,27.99,3877780
2024-07-18,28.02,28.13,27.68,27.78,2286800
2024-07-19,27.77,27.845,27.245,27.37,3194861
2024-07-22,27.50,27.87,27.21,27.73,2333604
2024-07-23,27.69,28.20,27.5753,28.10,2269546
2024-07-24,28.03,28.03,27.29,27.31,1793798
2024-07-25,27.44,27.645,27.145,27.15,2145521
2024-07-26,27.34,27.64,27.05,27.49,2204904
2024-07-29,27.70,27.80,27.55,27.69,1628241
2024-07-30,27.80,27.83,27.26,27.42,2344976
2024-07-31,27.66,27.75,27.47,27.58,3497392
2024-08-01,27.73,27.805,26.945,27.17,2663740
2024-08-02,26.76,26.965,25.99,26.30,3073722
2024-08-05,25.95,25.95,25.135,25.41,3575732
2024-08-06,25.53,26.16,25.41,26.06,5465482
2024-08-07,26.42,26.48,25.92,26.04,4195332
2024-08-08,26.13,26.935,26.00,26.78,4232541
2024-08-09,27.10,27.955,26.90,27.74,5104490
2024-08-12,27.63,27.83,27.06,27.11,2996975
2024-08-13,27.17,27.665,27.08,27.54,2644071
2024-08-14,27.49,27.60,27.29,27.32,1640902
2024-08-15,27.34,27.68,27.29,27.58,3741812
2024-08-16,27.45,27.63,27.35,27.40,2712265
2024-08-19,27.45,27.82,27.38,27.82,1597115
2024-08-20,27.82,27.93,27.25,27.39,1964808
2024-08-21,27.57,27.79,27.39,27.77,1443365
2024-08-22,27.92,27.93,27.69,27.84,1735809
2024-08-23,28.08,28.265,27.93,28.14,1350331
2024-08-26,28.21,28.46,27.99,28.02,1193105
2024-08-27,28.02,28.14,27.775,27.98,1304462
2024-08-28,27.98,28.48,27.97,28.08,1355740
2024-08-29,28.11,28.29,27.72,27.85,2895083
2024-08-30,27.97,28.36,27.951,28.33,2306296
2024-09-03,28.08,28.19,26.82,26.97,4278881
2024-09-04,26.93,27.60,26.885,27.14,2653910
2024-09-05,27.17,27.23,26.66,26.93,2248529
2024-09-06,27.00,27.18,26.455,26.57,2962317
2024-09-09,26.63,26.82,26.545,26.60,2069287
2024-09-10,26.72,26.775,26.10,26.38,3489394
2024-09-11,26.24,26.29,25.715,25.95,2311937
2024-09-12,25.91,26.045,25.735,25.96,2373543
2024-09-13,26.10,26.26,26.05,26.14,2025002
2024-09-16,26.14,26.18,25.88,26.09,2392957
2024-09-17,26.20,26.595,26.10,26.34,2374354
2024-09-18,26.38,26.87,26.34,26.45,2442754
2024-09-19,26.87,26.96,26.52,26.54,1803673
2024-09-20,26.53,26.60,26.035,26.34,7065685
2024-09-23,26.32,26.57,26.23,26.49,2016889
2024-09-24,26.49,26.71,26.44,26.71,1425123
2024-09-25,26.69,26.76,26.205,26.25,1623686
2024-09-26,26.44,26.54,26.29,26.38,1650102
2024-09-27,26.57,26.77,26.42,26.50,1488720
2024-09-30,26.51,26.72,26.285,26.63,3560929
2024-10-01,26.61,26.73,26.155,26.41,2631555
2024-10-02,26.068,26.485,26.068,26.19,1285403
2024-10-03,26.07,26.18,25.89,26.02,1571938
2024-10-04,26.23,26.445,25.995,26.14,1128026
2024-10-07,26.00,26.165,25.935,25.99,1648424
2024-10-08,26.05,26.08,25.55,25.91,2675819
2024-10-09,25.94,26.44,25.93,26.28,2105462
2024-10-10,26.24,26.32,25.655,25.68,2039093
2024-10-11,25.66,26.12,25.66,25.93,1859516
2024-10-14,25.99,26.105,25.78,26.04,1494356
2024-10-15,26.18,26.74,26.05,26.47,2688135
2024-10-16,26.55,26.62,26.355,26.37,1692754
2024-10-17,26.42,26.58,26.26,26.44,1364235
2024-10-18,26.49,26.51,26.29,26.33,2255001
2024-10-21,26.27,26.59,26.265,26.33,1261358
2024-10-22,26.28,26.43,25.99,26.11,1902056
2024-10-23,26.11,26.20,25.79,25.88,1733284
2024-10-24,25.90,26.055,25.80,25.95,1576966
2024-10-25,25.99,26.20,25.935,25.99,1479341
2024-10-28,26.22,26.63,26.03,26.51,3403086
2024-10-29,26.51,27.375,26.43,27.33,2787244
2024-10-30,27.30,27.74,27.26,27.28,1967945
2024-10-31,27.25,27.375,27.10,27.25,3614977
2024-11-01,27.21,27.43,27.05,27.32,2326668
2024-11-04,27.55,27.72,27.32,27.42,2279925
2024-11-05,27.31,27.945,27.31,27.85,2099332
2024-11-06,28.75,29.13,28.67,28.95,2234535
2024-11-07,29.00,29.34,28.93,29.16,3088248
2024-11-08,28.86,30.035,28.52,29.52,4388274
2024-11-11,29.52,29.99,29.18,29.23,3637870
2024-11-12,29.25,29.505,29.10,29.33,3800735
2024-11-13,29.50,29.58,28.835,28.85,2241727
2024-11-14,28.66,29.16,28.54,29.11,3439878
2024-11-15,29.04,29.35,28.61,28.62,3945455
2024-11-18,28.65,28.88,28.51,28.61,3044614
2024-11-19,28.22,28.84,28.22,28.80,3528206
2024-11-20,28.82,29.21,28.725,29.15,3981525
2024-11-21,29.25,29.62,28.72,29.54,3105420
2024-11-22,29.53,29.895,29.45,29.49,3412308
2024-11-25,29.55,29.67,29.39,29.46,4575446
2024-11-26,29.37,29.52,29.185,29.28,1616778
2024-11-27,29.30,29.41,29.01,29.05,1808587
2024-11-29,28.99,29.47,28.99,29.35,1508951
2024-12-02,29.24,29.545,29.15,29.45,3694186
2024-12-03,29.57,29.945,29.38,29.86,2581978
2024-12-04,29.86,29.95,29.56,29.65,2267438
2024-12-05,29.50,29.85,29.48,29.52,2404318
2024-12-06,29.38,29.49,29.21,29.35,1389441
2024-12-09,29.34,29.555,29.26,29.38,1714077
2024-12-10,29.41,29.445,29.005,29.06,2233134
2024-12-11,29.22,29.38,28.925,29.07,2939920
2024-12-12,29.00,29.26,28.94,28.98,1661908
2024-12-13,28.88,28.935,28.555,28.61,1288218
2024-12-16,28.61,28.92,28.43,28.65,1641249
2024-12-17,28.50,28.72,28.24,28.25,2155912
2024-12-18,28.39,28.61,27.65,27.68,2053636
2024-12-19,27.72,28.23,27.60,27.61,1817448
2024-12-20,27.49,27.97,27.46,27.86,5791419
2024-12-23,27.97,28.27,27.89,28.05,2025842
2024-12-24,28.14,28.26,27.95,28.25,877558
2024-12-26,28.08,28.16,27.955,28.15,1351984
2024-12-27,27.99,28.11,27.69,27.79,1570293
2024-12-30,27.58,27.61,27.12,27.48,1821547
2024-12-31,27.63,27.78,27.48,27.54,1622984
2025-01-02,27.60,27.80,27.41,27.46,2101760
2025-01-03,27.61,27.61,27.132,27.55,1683703
2025-01-06,27.54,27.89,27.34,27.44,2189498
2025-01-07,27.60,27.825,27.44,27.60,2369911
2025-01-08,27.60,28.05,27.17,27.47,2669133
2025-01-10,27.36,27.555,26.97,26.98,2397011
2025-01-13,26.95,27.46,26.78,27.44,2910819
2025-01-14,27.59,27.745,27.38,27.55,2381403
2025-01-15,27.92,28.01,27.50,27.56,3935176
2025-01-16,27.515,27.80,27.455,27.50,1595017
2025-01-17,27.77,27.81,27.405,27.43,2505964
2025-01-21,27.51,27.975,27.425,27.86,2166141
2025-01-22,27.85,28.09,27.73,27.82,2209287
2025-01-23,27.86,27.91,27.68,27.87,2167641
2025-01-24,27.87,28.29,27.835,28.08,1678751
2025-01-27,28.03,28.46,27.81,28.44,2675045
2025-01-28,28.44,28.44,28.09,28.15,2562976
2025-01-29,28.18,28.49,27.90,28.20,2212678
2025-01-30,28.43,28.66,27.96,28.08,2832545
2025-01-31,28.17,28.255,28.03,28.12,3373030
2025-02-03,27.86,28.24,27.70,28.08,3030421
2025-02-04,28.55,28.66,28.35,28.52,3315258
2025-02-05,28.55,28.89,28.31,28.78,4038843
2025-02-06,29.35,29.46,27.95,28.50,6970818
2025-02-07,28.73,29.11,28.475,29.04,4432394
2025-02-10,29.13,29.49,29.06,29.18,3033463
2025-02-11,28.66,29.63,28.66,29.45,2279023
2025-02-12,29.21,29.40,28.90,29.36,2136857
2025-02-13,29.38,29.575,29.245,29.51,1933704
2025-02-14,29.66,30.25,29.63,30.21,2641047
2025-02-18,30.31,30.31,29.875,30.21,1927675
2025-02-19,30.33,30.69,30.11,30.49,2737742
2025-02-20,30.38,30.43,28.405,28.85,5966372
2025-02-21,28.94,28.97,28.39,28.53,3541143
2025-02-24,28.79,28.79,28.37,28.46,3174559
2025-02-25,28.58,28.77,28.185,28.36,2434338
2025-02-26,28.34,28.42,27.98,28.08,2801904
2025-02-27,28.17,28.42,27.98,28.06,2618612
2025-02-28,28.27,28.68,28.00,28.62,5396919
2025-03-03,28.67,29.05,28.295,28.47,4506937
2025-03-04,28.45,28.475,27.69,28.06,4434912
2025-03-05,27.91,28.30,27.565,28.14,2976058
2025-03-06,27.94,29.07,27.87,28.26,3609735
2025-03-07,28.03,28.26,27.50,27.96,2403504
2025-03-10,27.67,27.95,27.175,27.35,3170492
2025-03-11,27.15,27.325,26.805,26.94,3264468
2025-03-12,27.05,27.21,26.665,26.77,3188507
2025-03-13,26.78,26.9302,26.25,26.29,3049939
2025-03-14,26.62,27.075,26.44,26.98,2755292
2025-03-17,26.88,27.32,26.88,27.15,2930701
2025-03-18,27.16,27.16,26.645,26.80,3229896
2025-03-19,26.82,27.42,26.80,27.16,3281183
2025-03-20,27.02,27.26,26.95,27.16,3537990
2025-03-21,27.00,27.25,26.775,27.04,6211771
2025-03-24,27.34,27.37,27.075,27.30,3198729
2025-03-25,27.27,27.66,27.19,27.46,2667852
2025-03-26,27.51,27.745,27.395,27.47,2879869
2025-03-27,27.33,27.45,26.92,26.94,3726988
2025-03-28,26.97,27.52,26.445,26.59,3267425
2025-03-31,26.89,27.38,26.44,27.22,14343840
2025-04-01,27.02,27.435,26.795,27.00,4326428
2025-04-02,26.78,27.12,26.04,27.06,2972594
2025-04-03,26.26,26.765,25.925,26.07,6478997
2025-04-04,25.36,25.88,24.49,24.58,5836154
2025-04-07,24.16,25.135,23.38,24.08,6815983
2025-04-08,24.84,24.96,23.69,23.97,4801472
2025-04-09,23.78,26.34,23.625,26.18,5012253
2025-04-10,25.95,26.02,24.71,25.59,3701916
2025-04-11,25.52,26.255,25.41,26.19,3424746
2025-04-14,26.33,26.50,26.05,26.28,2692671
2025-04-15,26.40,26.57,26.27,26.38,2044155
2025-04-16,26.19,26.65,25.435,25.67,3058929
2025-04-17,25.87,25.97,25.65,25.86,2980969
2025-04-21,25.64,25.72,25.075,25.35,1999124
2025-04-22,25.64,26.19,25.53,26.18,2818879
2025-04-23,26.73,27.24,26.355,26.53,2667533
2025-04-24,26.51,26.945,26.405,26.84,3168108
2025-04-25,26.75,27.15,26.53,27.13,1889082
2025-04-28,27.15,27.22,26.735,26.92,3740985
2025-04-29,26.97,27.18,26.80,27.12,2080231
2025-04-30,26.99,27.205,26.48,27.12,2755169
2025-05-01,26.11,27.305,26.11,27.06,3020758
2025-05-02,27.37,27.64,27.095,27.58,1938620
2025-05-05,27.33,27.84,27.07,27.72,3549201
2025-05-06,27.55,27.86,27.50,27.73,2328960
2025-05-07,27.96,28.265,27.76,28.18,4874709
2025-05-08,28.27,28.82,28.19,28.48,3920892
2025-05-09,28.80,28.93,27.89,28.06,4454906
2025-05-12,28.78,28.78,28.045,28.28,3934694
2025-05-13,28.00,28.665,27.99,28.22,3289444
2025-05-14,28.17,28.38,28.05,28.27,3374575
2025-05-15,28.24,28.465,28.075,28.15,2999638
2025-05-16,28.15,28.375,27.92,28.32,3315353
2025-05-19,28.15,28.345,28.055,28.33,2529353
2025-05-20,28.25,28.385,28.165,28.33,2120102
2025-05-21,28.14,28.355,27.93,27.94,2658425
2025-05-22,27.94,28.37,27.61,27.65,2432865
2025-05-23,27.34,27.985,27.24,27.90,3307355
2025-05-27,28.21,28.295,27.96,28.25,4883678
2025-05-28,28.16,28.515,28.12,28.34,2632029
2025-05-29,28.34,28.43,27.99,28.40,2495377
2025-05-30,28.26,28.35,27.975,28.24,6253648
2025-06-02,28.06,28.15,27.705,28.08,3192486
2025-06-03,27.88,28.08,27.825,27.94,4169472
2025-06-04,27.87,28.04,27.70,27.85,2586279
2025-06-05,27.93,28.04,27.755,27.86,2479422
2025-06-06,28.07,28.125,27.62,27.81,3456587
2025-06-09,27.78,27.8655,27.535,27.76,3211072
2025-06-10,27.76,28.015,27.68,27.96,2549106
2025-06-11,28.01,28.09,27.745,27.88,2582628
2025-06-12,27.74,27.88,27.56,27.67,2063816
2025-06-13,27.47,27.53,27.25,27.42,2606166
2025-06-16,27.58,28.275,27.57,28.24,2993245
2025-06-17,28.19,28.275,27.61,27.76,3432390
2025-06-18,27.73,28.26,27.61,28.06,3067645
2025-06-20,28.43,28.62,28.16,28.35,15258020
2025-06-23,28.43,28.87,28.28,28.86,2705331
2025-06-24,29.04,29.33,28.84,29.25,3627651
2025-06-25,29.20,29.505,29.13,29.40,3176969
2025-06-26,29.42,29.685,29.21,29.54,3552636
2025-06-27,29.62,29.625,29.31,29.43,5142485
2025-06-30,29.64,29.82,29.50,29.72,3165965
2025-07-01,29.69,29.915,29.44,29.73,2376362
2025-07-02,29.69,29.81,29.40,29.61,2498811
2025-07-03,29.64,29.92,29.57,29.74,1405234
2025-07-07,29.72,29.79,29.275,29.37,2699184
2025-07-08,29.37,29.59,29.335,29.47,2643857
2025-07-09,29.52,29.57,29.285,29.39,1722246
2025-07-10,29.40,29.745,29.24,29.66,2510239
2025-07-11,29.58,29.695,29.46,29.54,1793876
2025-07-14,29.54,29.79,29.46,29.73,1755879
2025-07-15,30.335,30.75,29.65,29.67,4258944
2025-07-16,29.80,29.93,29.42,29.88,2628243
2025-07-17,29.79,30.19,29.70,30.17,3242502
2025-07-18,30.32,30.37,29.80,29.86,2741007
2025-07-21,29.82,29.97,29.13,29.16,3004723
2025-07-22,29.24,29.595,29.205,29.43,2456324
2025-07-23,29.43,29.52,29.305,29.42,2371598
2025-07-24,29.32,29.605,29.18,29.35,2143596
2025-07-25,29.35,29.595,29.26,29.53,2332366
2025-07-28,29.48,29.535,29.33,29.37,2330209
2025-07-29,29.48,29.48,29.155,29.22,2366539
2025-07-30,29.27,29.505,29.15,29.30,2664870
2025-07-31,29.24,29.465,29.175,29.32,2557583
2025-08-01,29.21,29.245,28.66,29.09,2872116
2025-08-04,29.13,29.525,29.01,29.51,3014421
2025-08-05,29.44,29.515,29.15,29.29,4537570
2025-08-06,29.80,30.08,28.695,29.43,6538799
2025-08-07,29.63,30.115,28.90,28.97,4479810
2025-08-08,28.97,29.09,28.49,28.52,3740108
2025-08-11,28.59,28.86,28.21,28.38,4021633
2025-08-12,28.38,28.89,28.38,28.82,3853898
2025-08-13,28.92,29.64,28.82,29.62,3931120
2025-08-14,29.52,29.98,29.36,29.80,2855134
2025-08-15,29.94,29.94,29.40,29.47,7741770
2025-08-18,29.43,29.615,29.30,29.53,2718398
2025-08-19,29.68,29.85,29.4701,29.85,2484013
2025-08-20,29.88,30.07,29.50,29.61,2421921
2025-08-21,29.48,29.835,29.435,29.74,2336971
2025-08-22,29.93,30.645,29.52,30.50,2448427
2025-08-25,30.38,30.56,30.13,30.14,1959286
2025-08-26,30.20,30.20,29.31,29.73,3022070
2025-08-27,29.64,29.885,29.575,29.66,1739124
2025-08-28,29.69,30.015,29.375,29.48,1708522
2025-08-29,29.46,29.54,29.235,29.41,2068690
2025-09-02,29.09,29.285,28.755,28.85,4671096
2025-09-03,28.72,28.975,28.005,28.94,4479858
2025-09-04,29.02,29.315,28.695,29.30,3666090
2025-09-05,29.33,29.755,29.19,29.44,3321313
2025-09-08,29.43,30.04,29.15,29.94,3796384
2025-09-09,29.35,29.635,28.83,29.42,11041590
2025-09-10,29.21,29.385,28.715,28.77,4806200
2025-09-11,28.80,29.56,28.66,29.52,5649302
2025-09-12,29.61,29.61,29.18,29.23,4752389
2025-09-15,29.50,29.92,29.28,29.89,4263314
2025-09-16,29.87,29.895,29.46,29.73,5085192
2025-09-17,29.81,30.505,29.765,30.23,5312040
2025-09-18,30.32,30.735,30.095,30.45,2591482
2025-09-19,30.52,30.86,30.385,30.62,6983396
2025-09-22,30.67,30.88,30.51,30.81,3333613
2025-09-23,30.84,30.945,30.505,30.58,2708295
2025-09-24,30.58,30.7475,30.22,30.23,3791511
2025-09-25,30.30,30.44,30.07,30.175,2755935
2025-09-26,30.25,30.545,30.14,30.45,2594702
2025-09-29,30.54,31.11,30.28,31.03,4021009
2025-09-30,31.05,31.61,30.645,30.71,15257690
2025-10-01,30.56,30.56,28.94,28.95,6912804
2025-10-02,28.86,29.12,28.54,28.55,3911313
2025-10-03,28.60,28.855,28.24,28.38,4145935
2025-10-06,28.545,28.545,27.795,28.06,3880058
2025-10-07,28.05,28.12,27.345,27.38,3651847
2025-10-08,27.37,27.39,26.815,27.02,3489317
2025-10-09,26.99,26.99,26.43,26.46,3383170
2025-10-10,26.50,26.7291,25.75,25.78,3196008
2025-10-13,25.88,26.15,25.74,26.09,3407046
2025-10-14,25.92,26.66,25.905,26.64,4928538
2025-10-15,26.76,27.12,26.475,26.57,3572151
2025-10-16,26.60,26.70,25.875,25.91,2564884
2025-10-17,25.96,26.17,25.70,26.02,2205724
2025-10-20,26.15,26.625,26.05,26.44,2997530
2025-10-21,26.39,26.625,26.30,26.38,2226731
2025-10-22,26.42,26.61,26.19,26.25,2356614
2025-10-23,26.25,26.51,26.135,26.40,2716092
2025-10-24,26.50,26.60,26.31,26.32,2101693
2025-10-27,26.50,26.85,26.48,26.75,3951446
2025-10-28,26.81,27.005,26.62,26.68,2679305
2025-10-29,26.62,26.62,25.99,26.05,3189068
2025-10-30,26.07,26.53,25.765,26.48,2738981
2025-10-31,26.40,26.57,26.23,26.50,3706764
2025-11-03,26.42,26.42,25.775,25.99,4605536
2025-11-04,26.04,26.26,25.765,25.80,4190897
2025-11-05,25.77,25.925,25.61,25.64,4583630
2025-11-06,25.57,25.888,25.01,25.08,6104165
2025-11-07,25.36,26.74,24.79,26.72,6327521
2025-11-10,26.85,27.005,26.50,26.80,5059005
2025-11-11,26.75,27.045,26.635,26.83,4201094
2025-11-12,26.71,26.87,26.575,26.82,3557117
2025-11-13,26.57,26.85,26.15,26.27,4795505
2025-11-14,26.23,26.34,25.72,26.15,4198978
2025-11-17,26.09,26.16,25.335,25.48,3711553
2025-11-18,25.37,25.59,25.14,25.31,4772230
2025-11-19,25.26,25.33,24.935,24.97,4420187
2025-11-20,25.20,25.46,24.78,24.80,4204403
2025-11-21,24.97,25.815,24.94,25.69,4076495
2025-11-24,25.38,25.67,25.15,25.23,6971800
2025-11-25,25.48,25.63,25.13,25.41,3336184
2025-11-26,25.37,25.61,25.29,25.58,3115070
2025-11-28,25.64,25.88,25.585,25.68,1748067
2025-12-01,25.60,25.855,25.39,25.52,2699411
2025-12-02,25.54,25.55,25.15,25.40,3032901
2025-12-03,25.51,25.645,25.405,25.56,2185239
2025-12-04,25.61,25.75,25.39,25.63,2466998
2025-12-05,25.62,26.135,25.43,26.04,3754997
2025-12-08,26.12,26.23,25.55,25.73,3639254
2025-12-09,25.77,26.00,25.575,25.95,2712934
2025-12-10,25.91,26.205,25.82,26.12,2834711
2025-12-11,26.18,26.45,26.03,26.10,2104076
2025-12-12,26.33,26.46,26.165,26.22,2535617
2025-12-15,26.29,26.33,25.995,26.05,3627451
2025-12-16,26.06,26.23,25.74,25.89,5639097
2025-12-17,25.90,26.24,25.75,26.03,5781689
2025-12-18,26.12,26.55,26.06,26.23,4114367
2025-12-19,25.87,26.36,25.80,26.08,14248290
2025-12-22,26.16,26.45,26.105,26.27,3350629
2025-12-23,26.30,26.42,26.22,26.40,2810909
2025-12-24,26.36,26.55,26.285,26.44,1606034
2025-12-26,26.37,26.53,26.17,26.22,2055908
2025-12-29,26.22,26.4875,26.125,26.25,2953581
2025-12-30,26.15,26.495,26.15,26.39,2377820
2025-12-31,26.32,26.41,26.045,26.12,2164490
2026-01-02,26.14,26.35,25.89,26.19,4017238
2026-01-05,26.08,26.62,26.03,26.19,3563003
2026-01-06,26.11,26.51,26.03,26.46,3755123
2026-01-07,26.47,26.68,26.26,26.41,3193097
2026-01-08,26.30,26.695,26.205,26.45,3099653
2026-01-09,26.46,26.595,26.33,26.47,2226768
2026-01-12,26.38,26.66,26.365,26.54,2369813
2026-01-13,26.47,26.66,26.24,26.63,2319701
2026-01-14,26.55,26.79,26.545,26.79,2424346
2026-01-15,26.85,26.915,26.605,26.70,2434996
2026-01-16,26.74,26.83,26.135,26.25,3452607
2026-01-20,26.12,26.40,25.805,25.87,2972977
2026-01-21,26.02,26.32,26.01,26.13,2521135
2026-01-22,26.21,26.85,26.17,26.73,3806205
2026-01-23,26.63,26.88,26.565,26.83,2873709
2026-01-26,26.92,26.97,26.69,26.90,2424102
2026-01-27,26.82,26.905,26.56,26.65,2787183
2026-01-28,26.66,26.99,26.52,26.59,3943933
2026-01-29,26.67,26.81,26.30,26.77,3061769
2026-01-30,26.77,27.09,26.58,27.03,3436280
2026-02-02,27.12,27.21,26.57,26.77,3253965
2026-02-03,26.49,26.61,24.85,25.01,5450684
2026-02-04,24.75,24.99,24.42,24.69,7794571
2026-02-05,24.77,24.895,23.615,24.21,8195621
2026-02-06,24.01,24.16,22.405,22.50,9160402
2026-02-09,22.45,22.91,22.20,22.74,7581470
2026-02-10,22.87,23.77,22.83,23.58,5487308
2026-02-11,23.49,23.645,22.99,23.22,4458761
2026-02-12,23.32,23.445,22.235,22.40,5443474
2026-02-13,22.43,22.765,22.31,22.72,3415463
2026-02-17,22.76,23.289,22.745,23.19,4235055
2026-02-18,23.22,23.455,22.95,23.35,3299003
2026-02-19,23.38,23.455,23.175,23.36,2943561
2026-02-20,23.27,23.80,23.20,23.65,6508904
2026-02-23,23.48,23.61,22.915,23.00,4045928
2026-02-24,22.91,23.40,22.83,23.18,4071676
2026-02-25,23.25,23.585,23.05,23.58,2905603
2026-02-26,23.59,24.405,23.59,24.32,3435159
2026-02-27,24.21,24.435,23.97,24.29,4757254
2026-03-02,24.00,24.19,23.76,23.97,4251995
2026-03-03,23.54,24.08,23.54,23.81,4172389
2026-03-04,23.81,24.34,23.785,24.03,2523118
2026-03-05,24.10,24.57,24.045,24.28,2614751
2026-03-06,24.04,24.62,23.87,24.62,3647031
2026-03-09,24.35,24.595,23.97,24.54,3224028
2026-03-10,24.50,24.52,23.92,24.03,3850598
2026-03-11,23.90,24.385,23.90,24.24,3758577
2026-03-12,23.92,24.285,23.525,23.58,3658690
2026-03-13,23.93,24.005,23.55,23.70,3298223
2026-03-16,23.80,24.36,23.80,24.20,3786183
2026-03-17,24.38,24.6172,24.25,24.34,3057299
2026-03-18,24.23,24.515,24.01,24.10,5458046
2026-03-19,24.00,24.396,23.51,23.93,4228558
2026-03-20,23.84,24.23,23.78,24.05,5990080
2026-03-23,24.45,24.64,24.15,24.26,4769518
2026-03-24,24.02,24.225,23.78,23.97,4504914
2026-03-25,24.17,24.355,23.785,24.27,2832557
2026-03-26,24.10,24.465,24.10,24.26,2223317
2026-03-27,24.18,24.47,23.895,24.24,4715705
2026-03-30,24.38,24.83,24.32,24.78,5405724
2026-03-31,25.07,25.51,24.62,24.93,30508070
2026-04-01,25.03,25.425,24.50,24.71,5604637
2026-04-02,24.53,24.69,24.075,24.40,4775653
2026-04-06,24.39,24.69,24.2186,24.47,2669686
2026-04-07,24.35,24.65,24.35,24.43,2754589
2026-04-08,24.60,24.965,24.60,24.89,3687820
2026-04-09,24.77,24.89,24.48,24.59,3110643
2026-04-10,24.50,24.725,24.42,24.48,2598211
2026-04-13,24.41,24.96,24.40,24.94,3761427
2026-04-14,24.96,25.40,24.915,25.03,2835525
2026-04-15,25.28,25.56,25.13,25.33,3202090
2026-04-16,25.47,25.87,25.36,25.79,3079059
2026-04-17,25.82,26.215,25.59,26.01,2646200
2026-04-20,25.97,26.115,25.84,25.97,2490283
2026-04-21,25.95,26.515,25.81,26.42,3740333
2026-04-22,26.23,26.875,25.87,26.65,3005334
2026-04-23,26.54,26.67,25.94,26.31,3151977
2026-04-24,26.49,26.535,26.08,26.20,3561266
2026-04-27,26.12,26.605,26.12,26.41,2867984
2026-04-28,26.56,26.645,26.135,26.16,4298372
2026-04-29,26.09,26.265,25.8401,26.24,3458148
2026-04-30,26.01,26.58,25.94,26.32,4311120
2026-05-01,26.09,26.70,26.09,26.24,4174369
2026-05-04,26.20,26.39,25.78,25.80,4263226
2026-05-05,26.20,26.24,25.275,25.44,5009375
2026-05-06,25.70,26.555,25.70,26.20,5924588
2026-05-07,26.20,27.06,26.04,27.04,7251258
2026-05-08,26.81,27.03,25.97,27.02,8656943
2026-05-11,27.36,27.73,26.37,27.01,6803633
2026-05-12,27.01,27.21,26.305,26.54,5325040
2026-05-13,26.42,26.875,26.42,26.66,3960325
2026-05-14,26.73,26.88,26.04,26.25,4241284
2026-05-15,26.25,26.45,25.79,25.92,3342466
2026-05-18,25.94,26.35,25.94,26.27,3185090
2026-05-19,26.27,26.615,26.065,26.24,3383363
2026-05-20,26.14,26.195,25.58,25.77,3991840
2026-05-21,25.79,26.345,25.65,26.26,4480213
2026-05-22,26.26,26.50,25.625,25.89,3844018
2026-05-26,25.875,26.305,25.76,26.20,3507204
2026-05-27,26.18,27.04,26.06,26.61,4729733
2026-05-28,26.45,26.70,26.245,26.52,3007527
2026-05-29,26.42,26.49,25.985,26.10,6607798
2026-06-01,26.14,26.87,25.99,26.80,3495766
2026-06-02,26.85,27.06,26.18,26.41,6084121
2026-06-03,26.16,26.36,25.84,26.05,3579060
2026-06-04,26.42,26.995,26.275,26.84,3644080
2026-06-05,26.94,27.28,26.885,27.26,3633690
2026-06-08,27.12,27.16,26.49,27.06,3907316
2026-06-09,27.16,27.485,26.985,27.20,4691836
2026-06-10,27.33,27.62,26.95,26.97,3456553
2026-06-11,26.89,26.96,26.24,26.295,3979332
2026-06-12,26.715,26.745,25.52,25.68,6804001
2026-06-15,25.68,25.825,25.28,25.70,7544769
2026-06-16,25.72,25.99,25.145,25.93,7032435
2026-06-17,25.479,26.59,25.479,25.98,6176551
2026-06-18,25.98,25.99,24.92,25.28,28709390
2026-06-22,26.02,26.02,24.345,24.61,7680181
2026-06-23,24.64,25.04,24.41,24.98,6682898
2026-06-24,25.24,25.70,25.00,25.23,6930347
2026-06-25,25.32,25.40,24.99,25.03,4379721
2026-06-26,25.24,25.63,25.24,25.41,6568575
2026-06-29,25.66,25.91,25.14,25.26,4293851
2026-06-30,25.16,25.395,24.595,24.83,13662920
2026-07-01,24.91,26.36,24.79,25.78,7135459
2026-07-02,25.75,26.67,25.48,26.64,6226994
2026-07-06,26.49,26.715,26.19,26.64,4397504
2026-07-07,27.03,27.20,26.79,26.92,3721537
2026-07-08,27.02,27.11,26.60,26.72,3656615
2026-07-09,26.70,27.525,26.70,27.49,3529660
2026-07-10,27.81,27.91,27.19,27.37,2165792
2026-07-13,27.66,27.99,27.46,27.73,2578000
2026-07-14,27.565,27.725,27.27,27.60,2441600
2026-07-15,27.60,28.38,27.47,27.98,3150266
2026-07-16,28.26,28.70,28.18,28.685,3191240
2026-07-17,28.75,28.98,28.32,28.43,2689648
2026-07-20,28.40,28.66,28.265,28.29,2779095
2026-07-21,28.05,28.135,27.495,27.525,3230389
2026-07-22,27.69,27.79,27.25,27.34,3107599
2026-07-23,27.20,27.245,26.29,26.33,4672489
2026-07-24,26.35,26.885,26.35,26.76,3137024
2026-07-27,27.18,27.61,26.742,27.29,3119662
2026-07-28,27.49,28.265,27.22,28.18,2693983
2026-07-29,28.22,29.06,28.12,28.82,3965687
